Source Table,description,zone2temp,X_good_C,dH_max/A,dH_max/A/T^4,tau_min,CH4_yield,tic520_sp,X_good_avg,CH4_yield_corr,temp,source,pp_H2O,Column 16
RDF_for_lab_reconciliation,,1400,0.7762395604,56.256745365,0.1295390302,0.4263253076,0.1055140673,,0.7762395604,,1400,RDF,9.56197,
RDF_for_lab_reconciliation,,1400,0.6899813187,70.229377457,0.1665698874,0.2789258485,0.1120345542,,0.6899813187,,1400,RDF,5.34223,
RDF_for_lab_reconciliation,,1400,0.6980857143,59.740358839,0.1404398901,0.3106264469,0.1072690567,,0.6980857143,,1400,RDF,4.48707,
RDF_for_lab_reconciliation,,1400,0.5708659341,89.623900627,0.2123543233,0.2486693117,0.1042853847,,0.5708659341,,1400,RDF,5.61817,
RDF_for_lab_reconciliation,,1400,0.6149912088,71.686169283,0.1689943845,0.2855132712,0.1031242336,,0.6149912088,,1400,RDF,4.9121,
RDF_for_lab_reconciliation,Running 508 micron sieved material,1400,0.8275967033,49.672328243,0.1158727931,0.3274220496,0.1230999791,,0.8275967033,,1400,RDF,4.41851,
RDF_for_lab_reconciliation,,1450,0.8394802198,55.731795181,0.1161139792,0.4161449868,0.1065895394,,0.8394802198,,1450,RDF,9.0723,
RDF_for_lab_reconciliation,50 lb/hr run S:B 0.5 at 25 psig,1450,0.7243076923,79.998443417,0.1681295201,0.3458550748,0.1090458683,,0.7243076923,,1450,RDF,10.3457,
RDF_for_lab_reconciliation,65 lb/hr run S:B 0.5 at 25 psig,1450,0.646278022,97.483028952,0.2053953906,0.31678989,0.1042267841,,0.646278022,,1450,RDF,12.0157,
RDF_for_lab_reconciliation,40 lb/hr - 0.667 S:B ratio,1400,0.8572307692,62.205201858,0.1457350813,0.2735066866,0.1515389443,,0.8572307692,,1400,RDF,5.17722,
RDF_for_lab_reconciliation,40 lb/hr - 0.5 S:B ratio at 0 psig,1400,0.6640461538,57.341006109,0.1338551744,0.2659413646,0.1166567053,,0.6640461538,,1400,RDF,2.3434,
RDF_for_lab_reconciliation,80 lb/hr - 0.5 S:B ratio at 0 psig,1400,0.616278022,105.68429264,0.2502204031,0.2139801634,0.133023929,,0.616278022,,1400,RDF,6.55171,
RDF_for_lab_reconciliation,80 lb/hr run at 1450 C,1450,0.6698351648,109.62868756,0.232372156,0.2238713406,0.1382187796,,0.6698351648,,1450,RDF,8.13236,
RDF_for_lab_reconciliation,60 lb/hr high temp run,1450,0.7357010989,85.936768004,0.1831367428,0.2576606299,0.1399371305,,0.7357010989,,1450,RDF,7.45683,
RDF_for_lab_reconciliation,Phase I high temperature run,1450,0.8092604396,62.021212325,0.1308127175,0.3182773753,0.1336922995,,0.8092604396,,1450,RDF,5.98735,
RDF_for_lab_reconciliation,80 lb/hr run at 1450 C - Actual Feed rate 91-93 lbs/hr,1450,0.5699516484,106.59601731,0.2250813942,0.3216193154,0.0977394125,,0.5699516484,,1450,RDF,16.5276,
RDF_for_lab_reconciliation,80 lb/hr run at 1450 C - Actual Feed rate 91-93 lbs/hr,1450,0.5333230769,108.0077295,0.2291622196,0.5726464545,0.0978836433,,0.5333230769,,1450,RDF,41.5403,
RDF_for_lab_reconciliation,80 lb/hr run at 1450 C - Actual Feed rate 91-93 lbs/hr,1450,0.6054340659,108.57320731,0.2318939351,0.4927885001,0.1207235367,,0.6054340659,,1450,RDF,40.2831,
RDF_for_lab_reconciliation,50 lb/hr run at 1450 C,1450,0.6740274725,72.02037533,0.1505846733,0.4834865491,0.1224952355,,0.6740274725,,1450,RDF,40.0976,
RDF_for_lab_reconciliation,80 lb/hr run at 1450 C,1450,0.5856901099,101.83622424,0.2168614046,0.3195087152,0.1173599724,,0.5856901099,,1450,RDF,19.0737,
RDF_for_lab_reconciliation,50 lb/hr run at 1450 C,1450,0.6021285714,66.811841628,0.1411849031,0.4214469701,0.1324028491,,0.6021285714,,1450,RDF,16.6279,
RDF_for_lab_reconciliation,100 lb/hr run at 1450 C,1450,0.5450076923,126.60109793,0.2711886115,0.2782427581,0.1332665491,,0.5450076923,,1450,RDF,19.5546,
RDF_for_lab_reconciliation,50 lb/hr run at 1450 C,1450,0.5859065934,66.627852095,0.1408324424,0.4289892875,0.1196266938,,0.5859065934,,1450,RDF,16.5302,
RDF_for_lab_reconciliation,100 lb/hr run at 1450 C,1450,0.5357010989,124.93182976,0.2696892443,0.292747018,0.1325098969,,0.5357010989,,1450,RDF,20.2047,
RDF_for_lab_reconciliation,100 lb/hr run at 1450 C,1450,0.5794252747,123.68017231,0.2663082896,0.5129114015,0.1783376494,,0.5794252747,,1450,RDF,50.5064,
RDF_for_lab_reconciliation,107 lb/hr run at 1450 C,1450,0.6340857143,105.60191584,0.2268149326,0.2294232069,0.1301911711,,0.6340857143,,1450,RDF,7.65361,
RDF_for_lab_reconciliation,107 lb/hr run at 1450 C,1450,0.6810186813,105.8590313,0.2520303628,0.1789888698,0.1329883003,,0.6810186813,,1450,RDF,3.3355,
RDF_for_lab_reconciliation,50 lb/hr run at 1450 C,1450,0.5090582418,55.135774818,0.1136186631,0.0001618084,0.0776437123,,0.5090582418,,1450,RDF,0.783451,
RDF_for_lab_reconciliation,30 lb/hr run at 1200 C,1200,0.6467846154,33.121346421,0.1276155167,0.3766956379,0.1507628727,,0.6467846154,,1200,RDF,4.19108,
RDF_for_lab_reconciliation,50 lb/hr run at 1200 C,1200,0.5025758242,49.049289465,0.1851852588,0.3329408359,0.1158072279,,0.5025758242,,1200,RDF,3.0161,
RDF_for_lab_reconciliation,50 lb/hr run at 1200 C,1200,0.4542472527,48.182057077,0.1837381683,0.3902209022,0.0962299993,,0.4542472527,,1200,RDF,2.4084,
RDF_for_lab_reconciliation,30 lb/hr run at 1200 C,1200,0.5371549451,35.97193605,0.1308449871,0.4248717857,0.1179139901,,0.5371549451,,1200,RDF,2.4105,
RDF_for_lab_reconciliation,"Removed a filter on degasser line, 30 lb/hr run at 1200 C , Controlling net ent gas to 120 ALPM",1200,-0.230756044,10.441310558,0.0465699804,0.3243155167,0.8309964061,,-0.230756044,,1200,RDF,0.943146,
RDF_for_lab_reconciliation,,1200,0.4841131868,38.760265854,0.1511263386,0.4216054129,0.1105852816,,0.4841131868,,1200,RDF,6.28847,
RDF_for_lab_reconciliation,,1200,0.4371461538,38.907251906,0.1513804682,0.4377639448,0.1006170929,,0.4371461538,,1200,RDF,6.3036,
RDF_for_lab_reconciliation,,1350,0.6502791209,42.585867854,0.1134514662,0.3607180753,0.1057104889,,0.6502791209,,1350,RDF,6.00792,
RDF_for_lab_reconciliation,Metal tube run,1200,0.5309417582,37.136077326,0.1390305006,0.4392540956,0.109628,,0.5309417582,,1200,RDF,6.89683,
RDF_for_lab_reconciliation,Metal tube run,1200,0.5033043956,36.68234416,0.1372129253,0.4514017445,0.1015873175,,0.5033043956,,1200,RDF,7.06066,
RDF_for_lab_reconciliation,Metal tube run,1200,0.4782791209,52.568438029,0.2079047591,0.3817426055,0.1114973144,,0.4782791209,,1200,RDF,6.71976,
RDF_for_lab_reconciliation,Metal tube run,1200,0.4735131868,50.198893659,0.1987187,0.5728600554,0.1107751974,,0.4735131868,,1200,RDF,13.324,
RDF_for_lab_reconciliation,Metal tube run,1200,0.4677813187,53.487064141,0.2053384577,0.697929348,0.1146352769,,0.4677813187,,1200,RDF,20.2854,
RDF_for_lab_reconciliation,Metal tube run,1200,0.4315791209,80.23088989,0.3002881006,0.5271349188,0.1117058512,,0.4315791209,,1200,RDF,22.5044,
RDF_for_lab_reconciliation,Metal tube run,1200,0.4459802198,77.700116065,0.2934995284,0.7134372069,0.1228712964,,0.4459802198,,1200,RDF,37.562,
RDF_for_lab_reconciliation,Metal tube run,1200,0.5455758242,56.745866781,0.2139533253,0.7424761945,0.1557960281,,0.5455758242,,1200,RDF,34.494,
RDF_for_lab_reconciliation,Metal tube run,1200,0.501932967,71.635803433,0.2702258668,0.8108913215,0.1462118254,,0.501932967,,1200,RDF,35.9503,
RDF_for_lab_reconciliation,Metal tube run,1200,0.4823934066,57.261419256,0.2192305884,1.0847849739,0.1356740448,,0.4823934066,,1200,RDF,45.7981,
RDF_for_lab_reconciliation,Metal tube run,1200,0.4369087912,73.726646978,0.2837955908,0.8090244563,0.1256751637,,0.4369087912,,1200,RDF,43.4673,
RDF_for_lab_reconciliation,Metal tube run,1200,0.4519505495,74.243667845,0.2877492337,0.8545806281,0.1271332238,,0.4519505495,,1200,RDF,45.1017,
RDF_for_lab_reconciliation,Metal tube run,1200,0.5276527473,38.6398577,0.1427190794,0.4396896155,0.1027515785,,0.5276527473,,1200,RDF,7.88263,
RDF_for_lab_reconciliation,Metal tube run,1200,0.4154010989,57.131172875,0.212498843,0.4406889362,0.0921664857,,0.4154010989,,1200,RDF,7.65977,
Lab_for_RDF_reconciliation,,,,90.68830858,,0.2342245978,,1450,0.639453,0.0288713054,1450,Lab,5.39525,
Lab_for_RDF_reconciliation,,,,39.729912808,,0.1222272958,,1350,0.594773,0.0715207396,1350,Lab,8.22699,
Lab_for_RDF_reconciliation,,,,101.00228047,,0.0710375324,,1450,0.534982,0.0693436455,1450,Lab,8.88696,
Lab_for_RDF_reconciliation,,,,44.080325389,,0.2745722906,,1450,0.771806,0.0219239488,1450,Lab,37.3791,
Lab_for_RDF_reconciliation,,,,101.7152092,,0.1737267075,,1400,0.521336,0.067333033,1400,Lab,43.7841,
Lab_for_RDF_reconciliation,,,,42.217956611,,0.2835912202,,1450,0.774627,0.0257616539,1450,Lab,42.5793,
Lab_for_RDF_reconciliation,,,,41.953269683,,0.1143209464,,1450,0.660051,0.0674646361,1450,Lab,9.58733,
Lab_for_RDF_reconciliation,,,,42.998864808,,0.4531240396,,1350,0.582533,0.011938427,1350,Lab,1.17441,
Lab_for_RDF_reconciliation,,,,45.642684374,,0.418058854,,1450,0.653851,0.0007340564,1450,Lab,1.36895,
Lab_for_RDF_reconciliation,,,,43.010682967,,0.1743217368,,1350,0.468165,0.037377145,1350,Lab,0.288038,
Lab_for_RDF_reconciliation,,,,45.482746975,,0.4219205067,,1450,0.626611,5.107089e-6,1450,Lab,1.35738,
Lab_for_RDF_reconciliation,,,,56.172169407,,0.2677959754,,1350,0.572849,0.0612883941,1350,Lab,21.6342,
Lab_for_RDF_reconciliation,,,,59.896871292,,0.2474741534,,1450,0.704833,0.0283621126,1450,Lab,21.6312,
Lab_for_RDF_reconciliation,,,,44.195023714,,0.1290855954,,1350,0.51869,0.0729372015,1350,Lab,6.04229,
Lab_for_RDF_reconciliation,,,,44.730862482,,0.3206964738,,1350,0.695642,0.0482090607,1350,Lab,28.5574,
Lab_for_RDF_reconciliation,,,,46.987685181,,0.2975164636,,1450,0.800229,0.01307897,1450,Lab,28.515,
Lab_for_RDF_reconciliation,,,,46.963438636,,0.2941254809,,1450,0.80758,0.0111246023,1450,Lab,28.5133,
Lab_for_RDF_reconciliation,,,,46.457155469,,0.294485439,,1450,0.802799,0.0104895439,1450,Lab,28.5072,
Lab_for_RDF_reconciliation,,,,46.312524327,,0.291945914,,1450,0.812589,0.0118414815,1450,Lab,28.522,
Lab_for_RDF_reconciliation,,,,52.076850891,,0.1098866958,,1450,0.585698,0.0526165113,1450,Lab,5.57529,
Lab_for_RDF_reconciliation,,,,50.799775751,,0.2815100506,,1450,0.775014,0.0192071747,1450,Lab,25.8697,
Lab_for_RDF_reconciliation,,,,47.777857924,,0.1182421449,,1450,0.611487,0.0583185303,1450,Lab,6.08682,
Lab_for_RDF_reconciliation,,,,55.789963387,,0.1036919734,,1450,0.553541,0.0601573536,1450,Lab,5.21692,
Lab_for_RDF_reconciliation,,,,59.724726483,,0.0963024116,,1450,0.543754,0.0624073397,1450,Lab,4.93837,
Lab_for_RDF_reconciliation,,,,55.322027441,,0.2617804028,,1450,0.762812,0.0262804239,1450,Lab,23.7673,
Lab_for_RDF_reconciliation,,,,51.13693116,,0.1093833769,,1450,0.615846,0.0615950719,1450,Lab,5.59164,
Lab_for_RDF_reconciliation,,,,44.298435904,,0.2983623142,,1450,0.786272,0.0151664473,1450,Lab,28.6621,
Lab_for_RDF_reconciliation,,,,42.551887341,,0.2979357457,,1450,0.861892,0.0159412629,1450,Lab,28.6849,
Lab_for_RDF_reconciliation,,,,47.303936416,,0.2934077928,,1450,0.820201,0.018208667,1450,Lab,28.6799,
Lab_for_RDF_reconciliation,,,,43.249147332,,0.2965558449,,1450,0.800526,0.0182019132,1450,Lab,28.6912,
Lab_for_RDF_reconciliation,,,,43.896011024,,0.2947775563,,1450,0.81052,0.0174401729,1450,Lab,28.6778,
Lab_for_RDF_reconciliation,,,,46.674325543,,0.2990718968,,1450,0.762859,0.0151619229,1450,Lab,28.7301,
Lab_for_RDF_reconciliation,,,,48.790676968,,0.1168399651,,1450,0.585334,0.0582894239,1450,Lab,6.33022,
Lab_for_RDF_reconciliation,,,,43.440232154,,0.1289466954,,1350,0.523117,0.0773130703,1350,Lab,6.32333,
Lab_for_RDF_reconciliation,,,,46.30556977,,0.2950791398,,1450,0.810653,0.0171956819,1450,Lab,28.7762,
Lab_for_RDF_reconciliation,,,,46.290273594,,0.118415637,,1450,0.61789,0.0600033031,1450,Lab,6.31106,
Lab_for_RDF_reconciliation,,,,43.430854881,,0.3268244328,,1350,0.645875,0.0614119329,1350,Lab,28.7977,
Lab_for_RDF_reconciliation,,,,46.394458358,,0.3004720812,,1450,0.753461,0.0156078469,1450,Lab,28.7724,
Lab_for_RDF_reconciliation,,,,46.523327098,,0.118246862,,1450,0.609728,0.0587643276,1450,Lab,6.32726,
Lab_for_RDF_reconciliation,,,,43.340042368,,0.1302232498,,1350,0.507347,0.0737642377,1350,Lab,6.31058,
Lab_for_RDF_reconciliation,,,,46.454778251,,0.2945378113,,1450,0.798999,0.0173774428,1450,Lab,28.6066,
Lab_for_RDF_reconciliation,,,,43.399860974,,0.3230552227,,1350,0.675041,0.0603553268,1350,Lab,28.6223,
Lab_for_RDF_reconciliation,,,,44.599194343,,0.1243301881,,1350,0.557028,0.0789205434,1350,Lab,5.92427,
Lab_for_RDF_reconciliation,,,,46.245995392,,0.2963553401,,1450,0.796621,0.0161006669,1450,Lab,28.6105,
Lab_for_RDF_reconciliation,,,,46.516423817,,0.1168308034,,1450,0.638144,0.0574889458,1450,Lab,5.89055,
Lab_for_RDF_reconciliation,,,,43.294495022,,0.3224228914,,1350,0.684197,0.0598837701,1350,Lab,28.6213,
Lab_for_RDF_reconciliation,,,,44.587838034,,0.1257624856,,1350,0.54068,0.0747005667,1350,Lab,5.90544,
Lab_for_RDF_reconciliation,,,,30.468665027,,0.665336963,,1450,0.862892,0,1450,Lab,28.6902,
Lab_for_RDF_reconciliation,,,,29.415808119,,0.7057282365,,1350,0.792697,0.0226011438,1350,Lab,28.7227,
Lab_for_RDF_reconciliation,,,,29.007450117,,0.2809989467,,1350,0.668323,0.0602008768,1350,Lab,5.94078,
Lab_for_RDF_reconciliation,,,,41.925220031,,0.5201899043,,1450,0.756532,0,1450,Lab,20.1416,
Lab_for_RDF_reconciliation,,,,39.46911456,,0.5486701599,,1450,0.779443,0,1450,Lab,21.7776,
Lab_for_RDF_reconciliation,,,,36.612395407,,0.575214577,,1450,0.868441,0,1450,Lab,23.6798,
Lab_for_RDF_reconciliation,,,,39.562930214,,0.5433409937,,1450,0.824912,0,1450,Lab,21.794,
Lab_for_RDF_reconciliation,,,,36.589030524,,0.5761589369,,1450,0.868193,0,1450,Lab,23.7009,
Lab_for_RDF_reconciliation,,,,30.754996513,,0.6530921695,,1450,0.902909,0.0003838587,1450,Lab,28.7176,
Lab_for_RDF_reconciliation,,,,41.967300678,,0.5176952539,,1450,0.796924,0,1450,Lab,20.1342,
Lab_for_RDF_reconciliation,,,,33.603293446,,0.6211025479,,1450,0.850291,0.0002186413,1450,Lab,25.9669,
Lab_for_RDF_reconciliation,,,,33.611627752,,0.6211841541,,1450,0.847145,0.0000667987,1450,Lab,25.9795,
Lab_for_RDF_reconciliation,,,,31.07031857,,0.6537978937,,1450,0.892408,0.0001063181,1450,Lab,28.7322,
Lab_for_RDF_reconciliation,,,,30.802238024,,0.6566800186,,1450,0.892551,0.0001326368,1450,Lab,28.7267,
Lab_for_RDF_reconciliation,,,,30.983686578,,0.6552336905,,1450,0.878223,0.0003624119,1450,Lab,28.6767,
Lab_for_RDF_reconciliation,,,,30.837413806,,0.6561679752,,1450,0.8865,0.0002323566,1450,Lab,28.6521,
Lab_for_RDF_reconciliation,,,,30.85231374,,0.6584761626,,1450,0.87615,0,1450,Lab,28.6719,
Lab_for_RDF_reconciliation,,,,30.904737597,,0.4583340321,,1450,0.857528,0.002658509,1450,Lab,17.2957,
Lab_for_RDF_reconciliation,,,,30.916685878,,0.6551790405,,1450,0.881046,0.0002590105,1450,Lab,28.6803,
Lab_for_RDF_reconciliation,,,,30.793902934,,0.5558163274,,1450,0.891213,0.0006441015,1450,Lab,22.9603,
Lab_for_RDF_reconciliation,,,,30.803059606,,0.358324452,,1450,0.83662,0.0075691594,1450,Lab,11.5829,
Lab_for_RDF_reconciliation,,,,31.934104167,,0.4455776495,,1450,0.873101,0.0029836678,1450,Lab,17.3052,
Lab_for_RDF_reconciliation,,,,30.476258375,,0.2580816291,,1450,0.80949,0.0163092236,1450,Lab,5.88149,
Lab_for_RDF_reconciliation,,,,30.686130938,,0.64607761,,1450,0.936234,0.0003815225,1450,Lab,28.6475,
Lab_for_RDF_reconciliation,,,,30.828244834,,0.2584177251,,1450,0.784743,0.0207887821,1450,Lab,5.89304,
Lab_for_RDF_reconciliation,,,,28.945783684,,0.7087798167,,1350,0.808848,0.0214490192,1350,Lab,28.4984,
Lab_for_RDF_reconciliation,,,,30.016991568,,0.6809778841,,1400,0.841238,0.0059209269,1400,Lab,28.4783,
Lab_for_RDF_reconciliation,,,,30.951710864,,0.6567244925,,1450,0.870886,0.0002158805,1450,Lab,28.5038,
Lab_for_RDF_reconciliation,,,,30.97467579,,0.6567610698,,1450,0.869308,0.0002853303,1450,Lab,28.5141,
Lab_for_RDF_reconciliation,,,,27.119481147,,0.7850800917,,1250,0.652721,0.0718214816,1250,Lab,28.482,
Lab_for_RDF_reconciliation,,,,29.883304917,,0.6797912008,,1400,0.855354,0.0056528562,1400,Lab,28.4685,
Lab_for_RDF_reconciliation,,,,27.032145869,,0.7871312647,,1250,0.65516,0.0705719448,1250,Lab,28.4928,
Lab_for_RDF_reconciliation,,,,28.216981904,,0.7383740443,,1300,0.75221,0.0468375463,1300,Lab,28.5109,
Lab_for_RDF_reconciliation,,,,27.956193119,,0.7446663368,,1300,0.756395,0.0461079094,1300,Lab,28.4936,
Lab_for_RDF_reconciliation,,,,64.559453174,,0.3952242537,,1450,0.758268,0.0062393882,1450,Lab,22.0283,
Lab_for_RDF_reconciliation,,,,45.836961746,,0.4970414118,,1450,0.787672,0.0008321519,1450,Lab,21.5228,
Lab_for_RDF_reconciliation,,,,52.484997051,,0.453325143,,1450,0.786648,0.0033687743,1450,Lab,21.6967,
Lab_for_RDF_reconciliation,,,,39.581617337,,0.5517640783,,1450,0.734418,0,1450,Lab,21.3381,
Lab_for_RDF_reconciliation,,,,76.169466527,,0.3475448876,,1450,0.740209,0.0190438875,1450,Lab,23.8585,
Lab_for_RDF_reconciliation,,,,45.444529883,,0.4829921965,,1450,0.907006,0.0011803046,1450,Lab,22.0894,
Lab_for_RDF_reconciliation,,,,39.430919503,,0.5392869698,,1450,0.844598,0,1450,Lab,21.748,
Lab_for_RDF_reconciliation,,,,33.533495833,,0.6062625148,,1450,0.682346,0,1450,Lab,21.3638,
Lab_for_RDF_reconciliation,,,,63.620236031,,0.3849489039,,1450,0.822821,0.0100534727,1450,Lab,23.1275,
Lab_for_RDF_reconciliation,,,,84.148440521,,0.1918107847,,1450,0.633072,0.0669517985,1450,Lab,38.8713,
Lab_for_RDF_reconciliation,,,,80.087911195,,0.2354349387,,1450,0.684976,0.0416331471,1450,Lab,35.3738,
Lab_for_RDF_reconciliation,,,,78.212294423,,0.2790471408,,1450,0.734484,0.0388827494,1450,Lab,38.46,
Lab_for_RDF_reconciliation,,,,80.850345433,,0.3091244677,,1450,0.741252,0.0285350055,1450,Lab,27.0585,
Lab_for_RDF_reconciliation,,,,79.762850468,,0.3213576358,,1450,0.732752,0.0253390166,1450,Lab,25.6879,
Lab_for_RDF_reconciliation,,,,74.322677269,,0.370207715,,1450,0.721219,0.0146932803,1450,Lab,21.2673,
Lab_for_RDF_reconciliation,,,,75.662503497,,0.34510614,,1450,0.767473,0.0186715664,1450,Lab,23.1069,
Lab_for_RDF_reconciliation,,,,77.504465081,,0.3287728817,,1450,0.773662,0.0230529626,1450,Lab,24.9433,
Lab_for_RDF_reconciliation,,,,75.845046582,,0.3449554361,,1450,0.766763,0.0193416726,1450,Lab,23.3209,
Lab_for_RDF_reconciliation,,,,79.551592258,,0.3134908315,,1450,0.774437,0.0244367399,1450,Lab,26.3402,
Lab_for_RDF_reconciliation,,,,70.897413177,,0.2970106806,,1450,0.783028,0.0321497593,1450,Lab,38.5838,
Lab_for_RDF_reconciliation,,,,55.37711713,,0.3774794457,,1450,0.00065958,0.0161745038,1450,Lab,24.6975,
Lab_for_RDF_reconciliation,,,,40.96324737,,0.4979626561,,1450,0.835516,0.0097085054,1450,Lab,35.6913,
Lab_for_RDF_reconciliation,,,,80.445964381,,0.2666914791,,1450,0.758298,0.0303540223,1450,Lab,38.9743,
Lab_for_RDF_reconciliation,,,,60.898904782,,0.3435059291,,1450,0.796088,0.0145316106,1450,Lab,37.8677,
Lab_for_RDF_reconciliation,,,,80.904312407,,0.2644908079,,1450,0.753331,0.033558745,1450,Lab,38.9075,
Lab_for_RDF_reconciliation,,,,60.978351824,,0.342411711,,1450,0.795143,0.0143693358,1450,Lab,37.8545,
Lab_for_RDF_reconciliation,,,,70.944344721,,0.2968302481,,1450,0.774019,0.0241852281,1450,Lab,38.4783,
Lab_for_RDF_reconciliation,,,,51.154738894,,0.4071978221,,1450,0.793253,0.0172305336,1450,Lab,36.8562,
Lab_for_RDF_reconciliation,,,,60.494893366,,0.3423060657,,1450,0.804576,0.0131797767,1450,Lab,37.8547,
Lab_for_RDF_reconciliation,,,,50.624099741,,0.4060645842,,1450,0.820927,0.0091213048,1450,Lab,36.9746,
Lab_for_RDF_reconciliation,,,,81.117912509,,0.2576328776,,1450,0.793336,0.031691447,1450,Lab,38.97,
Lab_for_RDF_reconciliation,,,,40.581205044,,0.4921405631,,1450,0.886191,0.0075438925,1450,Lab,36.1394,
Lab_for_RDF_reconciliation,,,,71.021957198,,0.2918922661,,1450,0.797746,0.0231814001,1450,Lab,38.497,
Lab_for_RDF_reconciliation,,,,77.163745904,,0.288818439,,1350,0.675573,0.0798818249,1350,Lab,39.0542,
Lab_for_RDF_reconciliation,,,,72.195757882,,0.2997553432,,1350,0.689121,0.0810796031,1350,Lab,45.3693,
Lab_for_RDF_reconciliation,,,,48.207008601,,0.4447735789,,1350,0.749186,0.0493736957,1350,Lab,37.2544,
Lab_for_RDF_reconciliation,,,,63.792004211,,0.3345043894,,1350,0.714647,0.0698296176,1350,Lab,44.5911,
Lab_for_RDF_reconciliation,,,,54.950679881,,0.3798436148,,1350,0.746643,0.0565687471,1350,Lab,43.7784,
Lab_for_RDF_reconciliation,,,,38.570121767,,0.540434537,,1350,0.791236,0.0377435809,1350,Lab,35.9994,
Lab_for_RDF_reconciliation,,,,38.759894425,,0.5364811736,,1350,0.79259,0.0345704452,1350,Lab,36.0127,
Lab_for_RDF_reconciliation,,,,57.994001976,,0.3737814828,,1350,0.720949,0.0609401531,1350,Lab,38.0048,
Lab_for_RDF_reconciliation,,,,48.012657684,,0.4430163406,,1350,0.750019,0.0491049728,1350,Lab,37.1313,
Lab_for_RDF_reconciliation,,,,48.296051855,,0.4394084464,,1350,0.753012,0.0475146137,1350,Lab,37.1299,
Lab_for_RDF_reconciliation,,,,57.147308377,,0.3702841479,,1350,0.758594,0.0623097951,1350,Lab,38.0963,
Lab_for_RDF_reconciliation,,,,77.048336336,,0.2910483761,,1350,0.66313,0.0839668,1350,Lab,39.1607,
Lab_for_RDF_reconciliation,,,,66.613579397,,0.3333318961,,1350,0.684182,0.0761600537,1350,Lab,38.6023,
Lab_for_RDF_reconciliation,,,,78.505103405,,0.2878058135,,1350,0.676503,0.0852557886,1350,Lab,39.28,
Lab_for_RDF_reconciliation,,,,66.822502315,,0.3300302222,,1350,0.687646,0.0738507282,1350,Lab,38.7232,
Lab_for_RDF_reconciliation,,,,44.596669146,,0.4472399474,,1350,0.76088,0.0481675243,1350,Lab,36.1776,
Lab_for_RDF_reconciliation,,,,38.844250733,,0.5390878182,,1350,0.801841,0.0425203925,1350,Lab,36.1221,
Lab_for_RDF_reconciliation,,,,38.703120787,,0.5432469433,,1350,0.789438,0.041413775,1350,Lab,35.9992,
Lab_for_RDF_reconciliation,,,,39.882413508,,0.5214625718,,1350,0.781762,0.0450976115,1350,Lab,36.0347,
Lab_for_RDF_reconciliation,,,,42.333520216,,0.4775881175,,1350,0.781886,0.0495208834,1350,Lab,36.0857,
Lab_for_RDF_reconciliation,,,,43.996104982,,0.4594481145,,1350,0.756483,0.0527952896,1350,Lab,36.0795,
Lab_for_RDF_reconciliation,,,,42.201548614,,0.4797626009,,1350,0.767287,0.0501605106,1350,Lab,36.0655,
Lab_for_RDF_reconciliation,,,,45.160306263,,0.4413458225,,1350,0.75351,0.0537881502,1350,Lab,36.1102,
Lab_for_RDF_reconciliation,,,,76.11017116,,0.2995439493,,1350,0.647321,0.0827287583,1350,Lab,38.994,
Lab_for_RDF_reconciliation,,,,81.52656887,,0.2737546785,,1350,0.628374,0.0889365197,1350,Lab,39.3211,
Lab_for_RDF_reconciliation,,,,80.793107194,,0.2723690508,,1350,0.630087,0.0818457385,1350,Lab,39.0607,
Lab_for_RDF_reconciliation,,,,75.843313334,,0.2961715488,,1350,0.653498,0.0827314023,1350,Lab,39.5711,
Lab_for_RDF_reconciliation,,,,80.212023846,,0.2814517497,,1350,0.629098,0.0836377837,1350,Lab,39.0339,
Lab_for_RDF_reconciliation,,,,74.561364776,,0.3087744747,,1350,0.652971,0.0807609883,1350,Lab,38.9833,
Lab_for_RDF_reconciliation,,,,78.239552573,,0.2848947725,,1350,0.650888,0.0878193132,1350,Lab,39.2099,
Lab_for_RDF_reconciliation,,,,61.361030277,,0.3565895991,,1350,0.665041,0.0698976909,1350,Lab,38.3587,
Lab_for_RDF_reconciliation,,,,59.892847939,,0.3667667149,,1350,0.694344,0.0676257599,1350,Lab,38.4836,
Lab_for_RDF_reconciliation,,,,56.181416162,,0.395131114,,1350,0.704139,0.0607165126,1350,Lab,38.2906,
Lab_for_RDF_reconciliation,,,,55.710877025,,0.4058479191,,1350,0.697976,0.0590679071,1350,Lab,37.8737,
Lab_for_RDF_reconciliation,,,,55.860756279,,0.4087476755,,1350,0.700612,0.0574684152,1350,Lab,37.7977,
Lab_for_RDF_reconciliation,,,,63.647600508,,0.3387380573,,1350,0.701374,0.0651567119,1350,Lab,38.2319,
Lab_for_RDF_reconciliation,,,,59.300494135,,0.374937328,,1350,0.685402,0.0679588515,1350,Lab,38.4663,
Lab_for_RDF_reconciliation,,,,75.255460402,,0.3093932622,,1350,0.600243,0.0843927274,1350,Lab,39.6098,
Lab_for_RDF_reconciliation,,,,66.835261209,,0.344638493,,1350,0.636227,0.077179497,1350,Lab,38.7479,
Lab_for_RDF_reconciliation,,,,38.560130331,,0.5574601628,,1350,0.740739,0.0532253468,1350,Lab,35.7198,
Lab_for_RDF_reconciliation,,,,76.266932342,,0.3018899894,,1350,0.610436,0.0845644056,1350,Lab,39.0889,
Lab_for_RDF_reconciliation,,,,48.22261323,,0.457543093,,1350,0.705539,0.0628970751,1350,Lab,36.9541,
Lab_for_RDF_reconciliation,,,,66.512065345,,0.3435196599,,1350,0.645272,0.0766175917,1350,Lab,38.4377,
Lab_for_RDF_reconciliation,,,,57.252562624,,0.3899496353,,1350,0.686044,0.0707039218,1350,Lab,37.8184,
Lab_for_RDF_reconciliation,,,,65.937477846,,0.3466004819,,1350,0.639581,0.0776036525,1350,Lab,38.9699,
Lab_for_RDF_reconciliation,,,,38.252441821,,0.5619212619,,1350,0.733345,0.0538437806,1350,Lab,35.7969,
Lab_for_RDF_reconciliation,,,,39.31316953,,0.5581907835,,1350,0.711882,0.0548014526,1350,Lab,35.8442,
Lab_for_RDF_reconciliation,,,,56.947654201,,0.3901518212,,1350,0.677065,0.070026804,1350,Lab,37.7703,
Lab_for_RDF_reconciliation,,,,48.149992861,,0.4628007211,,1350,0.68249,0.0629791815,1350,Lab,37.0135,
Lab_for_RDF_reconciliation,,,,56.97848306,,0.3877645804,,1350,0.688325,0.0702217475,1350,Lab,37.8547,
Lab_for_RDF_reconciliation,,,,76.968452262,,0.3051759062,,1350,0.589185,0.0833345271,1350,Lab,39.0969,
Lab_for_RDF_reconciliation,,,,58.740794339,,0.4965810748,,1250,0.545629,0.0949948389,1250,Lab,36.9535,
Lab_for_RDF_reconciliation,,,,59.08206849,,0.5100227564,,1250,0.517307,0.0999800867,1250,Lab,37.277,
Lab_for_RDF_reconciliation,,,,62.154311548,,0.4236688986,,1250,0.209923,0.1251532673,1250,Lab,26.3376,
Lab_for_RDF_reconciliation,,,,71.613433647,,0.3184975537,,1250,0.650534,0.1266673517,1250,Lab,39.4918,
Lab_for_RDF_reconciliation,,,,59.375245142,,0.4947232967,,1250,0.529643,0.1036684324,1250,Lab,37.3526,
Lab_for_RDF_reconciliation,,,,59.568396662,,0.5014804583,,1250,0.528787,0.0988271457,1250,Lab,37.432,
Lab_for_RDF_reconciliation,,,,60.388816827,,0.4907658712,,1250,0.525169,0.1099394901,1250,Lab,37.7017,
Lab_for_RDF_reconciliation,,,,59.552799632,,0.4927405066,,1250,0.530614,0.1083859641,1250,Lab,37.7927,
Lab_for_RDF_reconciliation,,,,69.874842115,,0.2452487838,,1450,0.90949,0.0548290101,1450,Lab,39.1358,
Lab_for_RDF_reconciliation,,,,71.635922231,,0.3275681181,,1250,0.612803,0.1287927313,1250,Lab,39.8277,
Lab_for_RDF_reconciliation,,,,72.10430915,,0.3187628046,,1250,0.631387,0.1300114219,1250,Lab,39.6883,
Lab_for_RDF_reconciliation,,,,71.301899621,,0.3179790391,,1250,0.644511,0.1231453267,1250,Lab,39.1778,
Lab_for_RDF_reconciliation,,,,80.962135454,,0.2756851622,,1450,0.675783,0.0526127426,1450,Lab,39.0717,
Lab_for_RDF_reconciliation,,,,69.877376947,,0.3113639119,,1450,0.704649,0.0428387312,1450,Lab,38.2089,
Lab_for_RDF_reconciliation,,,,39.641767576,,0.509525214,,1450,0.854439,0.0211721234,1450,Lab,35.9402,
Lab_for_RDF_reconciliation,,,,80.665400254,,0.2746440754,,1450,0.694867,0.0509621761,1450,Lab,39.5245,
Lab_for_RDF_reconciliation,,,,71.625645083,,0.3090666559,,1450,0.688098,0.0411286886,1450,Lab,38.2852,
Lab_for_RDF_reconciliation,,,,60.480211351,,0.3549854114,,1450,0.754672,0.0370840707,1450,Lab,37.9956,
Lab_for_RDF_reconciliation,,,,69.416380432,,0.3076446056,,1450,0.732629,0.0461690348,1450,Lab,38.6044,
Lab_for_RDF_reconciliation,,,,42.143763877,,0.4953670142,,1450,0.798194,0.0195205121,1450,Lab,35.486,
Lab_for_RDF_reconciliation,,,,40.540486747,,0.5063998971,,1450,0.827199,0.0217751105,1450,Lab,35.888,
Lab_for_RDF_reconciliation,,,,60.189523873,,0.3571762419,,1450,0.744862,0.0366133882,1450,Lab,37.787,
Lab_for_RDF_reconciliation,,,,51.028141062,,0.4173898945,,1450,0.764457,0.0291338701,1450,Lab,36.9401,
Lab_for_RDF_reconciliation,,,,50.83950716,,0.4144776166,,1450,0.785205,0.0295208652,1450,Lab,36.9214,
Lab_for_RDF_reconciliation,,,,60.89230653,,0.3571766877,,1450,0.739584,0.0366371334,1450,Lab,37.8529,
Lab_for_RDF_reconciliation,,,,79.962311154,,0.2734708758,,1450,0.694259,0.05250384,1450,Lab,39.1249,
Lab_for_RDF_reconciliation,,,,50.886071595,,0.4136696542,,1450,0.789572,0.0285917715,1450,Lab,37.1143,
Lab_for_RDF_reconciliation,,,,76.444855954,,0.2995728508,,1350,0.618616,0.0824778353,1350,Lab,38.5041,
Lab_for_RDF_reconciliation,,,,67.35400375,,0.3384406026,,1350,0.634933,0.0702291606,1350,Lab,38.4792,
Lab_for_RDF_reconciliation,,,,75.909595692,,0.2923269167,,1350,0.666865,0.0786225578,1350,Lab,40.0368,
Lab_for_RDF_reconciliation,,,,46.630626338,,0.4526620386,,1350,0.744581,0.0647239657,1350,Lab,36.9373,
Lab_for_RDF_reconciliation,,,,67.152744455,,0.3358380015,,1350,0.678473,0.0720234277,1350,Lab,39.4757,
Lab_for_RDF_reconciliation,,,,58.624919194,,0.3808116542,,1350,0.677521,0.0715745577,1350,Lab,37.8858,
Lab_for_RDF_reconciliation,,,,67.023849806,,0.3309296061,,1350,0.696589,0.0722740913,1350,Lab,39.1176,
Lab_for_RDF_reconciliation,,,,39.015129061,,0.5377793719,,1350,0.77125,0.0415036184,1350,Lab,36.3161,
Lab_for_RDF_reconciliation,,,,57.274134819,,0.3838175791,,1350,0.705808,0.065110457,1350,Lab,38.3819,
Lab_for_RDF_reconciliation,,,,46.786858867,,0.4474772453,,1350,0.761659,0.0506853151,1350,Lab,37.2469,
Lab_for_RDF_reconciliation,,,,47.650449419,,0.4526209363,,1350,0.730687,0.0517079667,1350,Lab,37.369,
Lab_for_RDF_reconciliation,,,,56.762027172,,0.3805072835,,1350,0.735146,0.0629097507,1350,Lab,38.3953,
Lab_for_RDF_reconciliation,,,,76.045360211,,0.2909172788,,1350,0.670756,0.0776134251,1350,Lab,40.0573,
Lab_for_RDF_reconciliation,,,,44.885500672,,0.4348682811,,1350,0.784358,0.0412882839,1350,Lab,37.4198,
Lab_for_RDF_reconciliation,,,,39.753412012,,0.5101494791,,1350,0.813347,0.0341200079,1350,Lab,37.2372,
Lab_for_RDF_reconciliation,,,,39.717020675,,0.5086850364,,1350,0.832648,0.041827012,1350,Lab,37.5578,
Lab_for_RDF_reconciliation,,,,40.925489394,,0.4842194816,,1350,0.828922,0.0440188902,1350,Lab,37.6734,
Lab_for_RDF_reconciliation,,,,42.089759763,,0.4708956422,,1350,0.811234,0.0436781375,1350,Lab,37.8708,
Lab_for_RDF_reconciliation,,,,42.969350689,,0.4478739675,,1350,0.830688,0.0493371773,1350,Lab,37.5449,
Lab_for_RDF_reconciliation,,,,42.117586157,,0.4766923441,,1350,0.775098,0.0398911332,1350,Lab,37.4152,
Lab_for_RDF_reconciliation,,,,43.285351094,,0.4532391375,,1350,0.795766,0.0488444175,1350,Lab,37.3458,
Lab_for_RDF_reconciliation,,,,79.923780669,,0.2712230899,,1450,0.743091,0.0373404932,1450,Lab,39.9483,
Lab_for_RDF_reconciliation,,,,70.19536023,,0.2967145248,,1450,0.815859,0.0336272549,1450,Lab,39.7143,
Lab_for_RDF_reconciliation,,,,40.046460412,,0.500583633,,1450,0.903143,0.0113171717,1450,Lab,37.1564,
Lab_for_RDF_reconciliation,,,,80.219653019,,0.2626224001,,1450,0.779239,0.0425386757,1450,Lab,40.1634,
Lab_for_RDF_reconciliation,,,,50.492623478,,0.4034767686,,1450,0.85764,0.0169964561,1450,Lab,38.1769,
Lab_for_RDF_reconciliation,,,,70.20721884,,0.2972207266,,1450,0.798024,0.0340298373,1450,Lab,39.4485,
Lab_for_RDF_reconciliation,,,,60.24457519,,0.3408583167,,1450,0.825779,0.0237637361,1450,Lab,38.9574,
Lab_for_RDF_reconciliation,,,,70.248801316,,0.2891912332,,1450,0.846518,0.0278552848,1450,Lab,39.7018,
Lab_for_RDF_reconciliation,,,,39.890777061,,0.4978138469,,1450,0.884429,0.0137105582,1450,Lab,36.7779,
Lab_for_RDF_reconciliation,,,,41.137756708,,0.4847131068,,1450,0.899659,0.013956699,1450,Lab,36.9111,
Lab_for_RDF_reconciliation,,,,60.890010846,,0.340619187,,1450,0.822278,0.0285041925,1450,Lab,39.0175,
Lab_for_RDF_reconciliation,,,,52.284956668,,0.37843813,,1450,0.872371,0.0230311684,1450,Lab,39.6033,
Lab_for_RDF_reconciliation,,,,50.853464142,,0.4050044582,,1450,0.843355,0.0188534104,1450,Lab,38.0845,
Lab_for_RDF_reconciliation,,,,60.199372334,,0.342973693,,1450,0.82867,0.02520854,1450,Lab,38.8968,
Lab_for_RDF_reconciliation,,,,79.818249582,,0.2661181979,,1450,0.767511,0.048149753,1450,Lab,40.0719,
Lab_for_RDF_reconciliation,,,,46.105988015,,0.4400409225,,1350,0.744565,0.0534998526,1350,Lab,35.958,
Lab_for_RDF_reconciliation,,,,41.167613855,,0.500035512,,1350,0.791358,0.0443891887,1350,Lab,36.2193,
Lab_for_RDF_reconciliation,,,,41.873289344,,0.4840506784,,1350,0.788484,0.0484245081,1350,Lab,36.2314,
Lab_for_RDF_reconciliation,,,,62.996501977,,0.3332706391,,1350,0.684974,0.0682991678,1350,Lab,39.2793,
Lab_for_RDF_reconciliation,,,,60.593640843,,0.3486446137,,1350,0.699311,0.068660803,1350,Lab,39.4626,
Lab_for_RDF_reconciliation,,,,59.484875747,,0.351822738,,1350,0.701593,0.0653551386,1350,Lab,39.3706,
Lab_for_RDF_reconciliation,,,,57.086945404,,0.3797187036,,1350,0.720948,0.0652210652,1350,Lab,39.5687,
Lab_for_RDF_reconciliation,,,,58.750632869,,0.3601276399,,1350,0.720391,0.0691876868,1350,Lab,39.2007,
Lab_for_RDF_reconciliation,,,,57.344163827,,0.3760761297,,1350,0.724621,0.0673517461,1350,Lab,39.3586,
Lab_for_RDF_reconciliation,,,,54.626776585,,0.4005398723,,1350,0.729668,0.0630423298,1350,Lab,39.2829,
Lab_for_RDF_reconciliation,,,,54.711134273,,0.3986881652,,1350,0.733055,0.0631860543,1350,Lab,39.2161,
Lab_for_RDF_reconciliation,,,,63.123901485,,0.3397965205,,1350,0.669696,0.0712242683,1350,Lab,39.3892,
Lab_for_RDF_reconciliation,,,,60.837514654,,0.3602505384,,1350,0.690522,0.0668698976,1350,Lab,39.5083,
Lab_for_RDF_reconciliation,,,,75.547856464,,0.2986904002,,1350,0.657614,0.0905006168,1350,Lab,40.3974,
Lab_for_RDF_reconciliation,,,,71.979041122,,0.3116114726,,1350,0.686739,0.0831212902,1350,Lab,40.3871,
Lab_for_RDF_reconciliation,,,,73.781893143,,0.2999768738,,1350,0.721278,0.0862118445,1350,Lab,40.3853,
Lab_for_RDF_reconciliation,,,,76.95145731,,0.2809618695,,1350,0.695445,0.0934773115,1350,Lab,40.4562,
Lab_for_RDF_reconciliation,,,,65.036149871,,0.3425707166,,1450,0.780316,0.0217539261,1450,Lab,34.6744,
Lab_for_RDF_reconciliation,,,,75.08923591,,0.2986526289,,1450,0.791203,0.0263044206,1450,Lab,35.203,
Lab_for_RDF_reconciliation,,,,66.204938654,,0.3451993143,,1450,0.749309,0.0171842415,1450,Lab,34.5207,
Lab_for_RDF_reconciliation,,,,74.91436778,,0.3004984361,,1450,0.772543,0.0281828559,1450,Lab,35.322,
Lab_for_RDF_reconciliation,,,,74.907891246,,0.2854999629,,1450,0.73077,0.0321585563,1450,Lab,34.6004,
Lab_for_RDF_reconciliation,,,,85.122819646,,0.2482783667,,1450,0.762901,0.0399095319,1450,Lab,35.5053,
Lab_for_RDF_reconciliation,,,,74.400922426,,0.2890008254,,1450,0.732706,0.0290710391,1450,Lab,34.7196,
Lab_for_RDF_reconciliation,,,,84.938922862,,0.2521670306,,1450,0.74579,0.0375809984,1450,Lab,35.4292,
Lab_for_RDF_reconciliation,,,,62.123337174,,0.3719307753,,1350,0.728867,0.0628222034,1350,Lab,34.3562,
Lab_for_RDF_reconciliation,,,,71.673919551,,0.3286823331,,1350,0.717765,0.0669832606,1350,Lab,35.4129,
Lab_for_RDF_reconciliation,,,,73.356720076,,0.3059918231,,1350,0.64866,0.0701312207,1350,Lab,34.7173,
Lab_for_RDF_reconciliation,,,,66.528029954,,0.3316884017,,1450,0.80514,0.0230736101,1450,Lab,34.6317,
Lab_for_RDF_reconciliation,,,,75.022596346,,0.2833813212,,1450,0.744146,0.0353001716,1450,Lab,34.7562,
Lab_for_RDF_reconciliation,,,,71.780671845,,0.3343765553,,1350,0.681724,0.0675607185,1350,Lab,35.2061,
Lab_for_RDF_reconciliation,,,,63.211077281,,0.37342262,,1350,0.704344,0.0637710637,1350,Lab,34.5074,
Lab_for_RDF_reconciliation,,,,70.366864109,,0.3173553065,,1350,0.634739,0.0781178264,1350,Lab,34.3773,
Lab_for_RDF_reconciliation,,,,81.44191414,,0.2753317547,,1350,0.645989,0.0811770439,1350,Lab,35.3875,
Lab_for_RDF_reconciliation,,,,74.514328398,,0.2812202165,,1450,0.758742,0.0307925844,1450,Lab,34.5116,
Lab_for_RDF_reconciliation,,,,79.342939763,,0.2640017644,,1450,0.777649,0.0294267808,1450,Lab,39.2557,
Lab_for_RDF_reconciliation,,,,39.270333225,,0.4970988214,,1450,0.891109,0.0053025089,1450,Lab,39.1256,
Lab_for_RDF_reconciliation,,,,44.412747519,,0.4438881012,,1450,0.829536,0.0085464168,1450,Lab,39.1429,
Lab_for_RDF_reconciliation,,,,59.981682687,,0.3422519731,,1450,0.823209,0.0174013188,1450,Lab,39.0835,
Lab_for_RDF_reconciliation,,,,39.412972864,,0.4910310162,,1450,0.910177,0.0060405669,1450,Lab,39.0979,
Lab_for_RDF_reconciliation,,,,88.187596357,,0.2357568808,,1450,0.7443,0.0434934599,1450,Lab,39.5845,
Lab_for_RDF_reconciliation,,,,44.47473202,,0.4424176977,,1450,0.843644,0.0103911397,1450,Lab,39.1272,
Lab_for_RDF_reconciliation,,,,59.873422454,,0.3405790962,,1450,0.830277,0.0144625563,1450,Lab,39.1386,
Lab_for_RDF_reconciliation,,,,79.536031483,,0.2580584085,,1450,0.799115,0.0306286447,1450,Lab,39.3348,
Lab_for_RDF_reconciliation,,,,81.716619597,,0.2578989718,,1450,0.80276,0.0340576779,1450,Lab,39.403,
Lab_for_RDF_reconciliation,,,,41.04621666,,0.4898733408,,1450,0.86511,0.007173395,1450,Lab,35.7599,
Lab_for_RDF_reconciliation,,,,77.264007225,,0.2923397698,,1350,0.676596,0.0825838544,1350,Lab,39.2668,
Lab_for_RDF_reconciliation,,,,60.070590667,,0.342149787,,1450,0.814903,0.0154087108,1450,Lab,39.199,
Lab_for_RDF_reconciliation,,,,81.372995812,,0.2446598236,,1450,0.787929,0.038147601,1450,Lab,39.5756,
Lab_for_RDF_reconciliation,,,,43.277926428,,0.4485705752,,1450,0.895599,0.0094724232,1450,Lab,37.8398,
Lab_for_RDF_reconciliation,,,,77.113760144,,0.2906903346,,1350,0.686909,0.0833353399,1350,Lab,39.3856,
Lab_for_RDF_reconciliation,,,,57.816612242,,0.3725644426,,1350,0.749903,0.0650719464,1350,Lab,39.3229,
Lab_for_RDF_reconciliation,,,,42.283461345,,0.4746467575,,1350,0.794481,0.0523543008,1350,Lab,39.3142,
Lab_for_RDF_reconciliation,,,,74.607338105,,0.2884677019,,1350,0.701106,0.0841243477,1350,Lab,39.264,
