run_id,ts_start,ts_stop,ss_start,ss_stop,moisture,w_c,w_h,w_n,d10,d50,d90,campaign_id,entrain_gas,brush_flow,argon_flow,biomass_rate,makeup_gas,makeup_flow,system_p,tic510_sp,tic530_sp,fc310_sp,steam_furnace_type,tube_dia,ht601_sp,ht602_sp,ht610_sp,ht611_sp,ht620_sp,ht621_sp,tic321_sp,tic331_sp,ht301_sp,downbed_gas_type,downbed_flow_rate,bag_c,spare_2,spare_3,quality,run_id 2,campaign_id 2,moisture 2,d10 2,d50 2,d90 2,w_c 2,w_h 2,N_total,N_MS,mass_flow_brush_feeder_avg,mass_flow_brush_feeder_std,mass_flow_down_brush_avg,mass_flow_down_brush_std,mass_flow_entrainment_avg,mass_flow_entrainment_std,mass_flow_argon_tracer_avg,mass_flow_argon_tracer_std,mass_flow_feed_vessel_pressure_avg,mass_flow_feed_vessel_pressure_std,mass_flow_methane_avg,mass_flow_methane_std,steam_flow_avg,steam_flow_std,mass_flow_biomass_from_ktron_avg,mass_flow_biomass_from_ktron_std,exit_gas_flowrate_avg,exit_gas_flowrate_std,flow_rate_exit_gas_avg,flow_rate_exit_gas_std,temp_steam_waterboiler_avg,temp_steam_waterboiler_std,temp_steam_superheater_avg,temp_steam_superheater_std,temp_skin_steam_line_to_lance_avg,temp_skin_steam_line_to_lance_std,temp_steam_reactor_entry_avg,temp_steam_reactor_entry_std,temp_full_port_body_valve_avg,temp_full_port_body_valve_std,temp_furnace_top_zone_element_avg,temp_furnace_top_zone_element_std,temp_furnace_middle_zone_element_avg,temp_furnace_middle_zone_element_std,temp_furnace_bottom_zone_element_avg,temp_furnace_bottom_zone_element_std,temp_skin_tube_top_avg,temp_skin_tube_top_std,temp_skin_tube_middle_avg,temp_skin_tube_middle_std,temp_skin_tube_bottom_avg,temp_skin_tube_bottom_std,temp_bucket_seal_top_avg,temp_bucket_seal_top_std,temp_bucket_seal_bottom_avg,temp_bucket_seal_bottom_std,temp_exit_gas_avg,temp_exit_gas_std,temp_ash_knockout_avg,temp_ash_knockout_std,temp_heat_tape_ash_knockout_avg,temp_heat_tape_ash_knockout_std,temp_process_downstream_ash_KO_horizontal_avg,temp_process_downstream_ash_KO_horizontal_std,temp_heat_tape_downstream_ash_knockout_avg,temp_heat_tape_downstream_ash_knockout_std,temp_heat_tape_filter_1_avg,temp_heat_tape_filter_1_std,temp_heat_tape_between_filters_avg,temp_heat_tape_between_filters_std,temp_heat_tape_filter_2_avg,temp_heat_tape_filter_2_std,temp_heat_tape_downstream_second_filter_avg,temp_heat_tape_downstream_second_filter_std,TI_622_avg,TI_622_std,TI_631_avg,TI_631_std,TI_632_avg,TI_632_std,TI_641_avg,TI_641_std,TI_642_avg,TI_642_std,pressure_feeder_vessel_avg,pressure_feeder_vessel_std,pressure_entrainment_avg,pressure_entrainment_std,pressure_reactor_gas_inlet_avg,pressure_reactor_gas_inlet_std,pressure_ash_knockout_vessel_avg,pressure_ash_knockout_vessel_std,output_pressure_ash_knockout_avg,output_pressure_ash_knockout_std,pressure_product_gas_downstream_filters_avg,pressure_product_gas_downstream_filters_std,pressure_system_set_by_PCV_to_vent_avg,pressure_system_set_by_PCV_to_vent_std,pressure_emergency_N2_line_avg,pressure_emergency_N2_line_std,pressure_water_to_steam_system_avg,pressure_water_to_steam_system_std,pressure_primary_quench_avg,pressure_primary_quench_std,pressure_secondary_quench_avg,pressure_secondary_quench_std,pressure_analysis_line_avg,pressure_analysis_line_std,pp_H2O_avg,pp_H2O_std,pp_CO2_avg,pp_CO2_std,pp_Ar_avg,pp_Ar_std,Ar_MS_avg,Ar_MS_std,N2_MS_avg,N2_MS_std,H2O_MS_avg,H2O_MS_std,H2_MS_avg,H2_MS_std,CO_MS_avg,CO_MS_std,CO2_MS_avg,CO2_MS_std,CH4_MS_avg,CH4_MS_std,C2H6_MS_avg,C2H6_MS_std,C2H4_MS_avg,C2H4_MS_std,C2H2_MS_avg,C2H2_MS_std,C3H8_MS_avg,C3H8_MS_std,C3H6_MS_avg,C3H6_MS_std,C6H6_MS_avg,C6H6_MS_std,C7H8_MS_avg,C7H8_MS_std,C10H8_MS_avg,C10H8_MS_std,H2S_MS_avg,H2S_MS_std,Ar_GC_avg,Ar_Gc_std,N2_GC_avg,N2_GC_std,H2O_GC_avg,H2O_Gc_std,H2_GC_avg,H2_GC_std,CO_GC_avg,CO_GC_std,CO2_GC_avg,CO2_GC_std,CH4_GC_avg,CH4_GC_std,C2H6_GC_avg,C2H6_GC_std,NDIR_CO_avg,NDIR_CO_std,NDIR_CO2_avg,NDIR_CO2_std,NDIR_CH4_avg,NDIR_CH4_std,Ar_normalized_avg,Ar_normalized_std,N2_normalized_avg,N2_normalized_std,H2_normalized_avg,H2_normalized_std,CO_normalized_avg,CO_normalized_std,CO2_normalized_avg,CO2_normalized_std,CH4_normalized_avg,CH4_normalized_std,C2H6_normalized_avg,C2H6_normalized_std,C2H4_normalized_avg,C2H4_normalized_std,C2H2_normalized_avg,C2H2_normalized_std,C3H8_normalized_avg,C3H8_normalized_std,C3H6_normalized_avg,C3H6_normalized_std,C6H6_normalized_avg,C6H6_normalized_std,C7H8_normalized_avg,C7H8_normalized_std,C10H8_normalized_avg,C10H8_normalized_std,X_std_avg,X_std_std,X_tot_avg,X_tot_std,X_good_avg,X_good_std,CO_yield_avg,CO_yield_std,tar_loading_avg,tar_loading_std,tar_loading_incl_avg,tar_loading_incl_std,space_time_avg,space_time_std,Ar_inlet_avg,Ar_inlet_std,N2_inlet_avg,N2_inlet_std,H2O_inlet_avg,H2O_inlet_std,H2_inlet_avg,H2_inlet_std,CO_inlet_avg,CO_inlet_std,CO2_inlet_avg,CO2_inlet_std,CH4_inlet_avg,CH4_inlet_std,C2H6_inlet_avg,C2H6_inlet_std,C2H4_inlet_avg,C2H4_inlet_std,C2H2_inlet_avg,C2H2_inlet_std,C3H8_inlet_avg,C3H8_inlet_std,C3H6_inlet_avg,C3H6_inlet_std,C6H6_inlet_avg,C6H6_inlet_std,C7H8_inlet_avg,C7H8_inlet_std,C10H8_inlet_avg,C10H8_inlet_std,Ar_outlet_avg,Ar_outlet_std,N2_outlet_avg,N2_outlet_std,H2O_outlet_avg,H2O_outlet_std,H2_outlet_avg,H2_outlet_std,CO_outlet_avg,CO_outlet_std,CO2_outlet_avg,CO2_outlet_std,CH4_outlet_avg,CH4_outlet_std,C2H6_outlet_avg,C2H6_outlet_std,C2H4_outlet_avg,C2H4_outlet_std,C2H2_outlet_avg,C2H2_outlet_std,C3H8_outlet_avg,C3H8_outlet_std,C3H6_outlet_avg,C3H6_outlet_std,C6H6_outlet_avg,C6H6_outlet_std,C7H8_outlet_avg,C7H8_outlet_std,C10H8_outlet_avg,C10H8_outlet_std,C_inlet_avg,C_inlet_std,H_inlet_avg,H_inlet_std,O_inlet_avg,O_inlet_std,C_outlet_avg,C_outlet_std,H_outlet_avg,H_outlet_std,O_outlet_avg,O_outlet_std,analysis_timestamp,optical_thickness_d90_avg,optical_thickness_d90_std,optical_thickness_d50_avg,optical_thickness_d50_std,optical_thickness_d10_avg,optical_thickness_d10_std,T_cupmix_gas_only_avg,T_cupmix_gas_only_std,volumetric_inlet_gas_only_avg,volumetric_inlet_gas_only_std,C_gas_mass_balance_avg,C_gas_mass_balance_std,CH4_yield_avg,CH4_yield_std,dH_max_avg,dH_max_std,A_tube,dH_max/A,V_tube,V_dot_out,tau_min,CH4_yield_corr,dH_max/A/T^4,ln (X_good),ln(tau_min),ln(X_good)-ln(tau_min),1/T,e^-Ea/RT,tau_min/e^-Ea/RT
150,03/26/2013 6:45:00 PM,03/26/2013 7:50:00 PM,03/26/2013 7:06:00 PM,03/26/2013 7:50:00 PM,8.3,57.04,6.13,0.21,21.6,51.4,125.3,39,CO2,12,2,1,CO2,0,50,1250,1250,15,low flow furnace,2,200,200,200,200,200,200,165,425,300,N2,0,54.44,,,G,150,39,8.3,21.6,51.4,125.3,57.04,,2641,102,1.00794,0.0767378,-0.0166994,0.00376624,12.0282,0.0294344,1.96892,0.0031033,0.1993,0.0742049,0,0,1.98416,6.60412e-7,-0.04,1.54444e-8,0.0167522,0.000150752,0.0641462,0.0101858,165.1,1.72286,424.902,0.550148,35.1084,0.164819,299.995,0.353672,50.6704,0.205226,3163800,48.4733,1263.53,1.05633,3582620,233.219,1253.88,0.760043,1254.78,1.62514,1254.82,1.03556,81.0028,0.687809,264.488,1.61534,498.05,10.2796,246.872,1.2742,201.352,1.73535,184.33,2.32859,201.076,1.83461,199.974,0.0722181,135.867,11.722,198.632,1.51087,199.218,0.584945,222.903,1.19,74.1907,1.95303,11.9284,0.652993,36.6772,0.332925,17.0471,0.443694,52.3844,0.0562022,52.7168,0.058071,50.1869,0.0929484,50.0358,0.0859806,83.3593,0.954834,48.861,0.113413,48.4044,0.126902,88.5593,0.292295,51.8859,0.0989264,47.8087,0.180106,48.1919,0.208341,10.3627,0.118737,28.482,0.0534976,16.3516,0.0576994,3.67914,0.0142891,8.11363,0.0745918,0.701471,0.0225765,0.60098,0.00990148,18.024,0.191938,25.9377,0.299286,44.0643,0.441697,2.26294,0.0204692,0.0683333,0.00374518,0,0,0.08,3.47729e-9,0.126275,0.00485871,0,0,196.706,16.5737,0,0,3.53725,0.0643652,16.1961,1.97529,7.505,0.065251,0,0,,,18.3129,0.190966,23.1507,0.263627,40.6386,0.433853,2.19286,0.0223361,0,0,26.5441,0.287146,43.8496,0.406884,2.66672,0.0211277,0.0889809,0.000885338,0.00769285,0.000247319,0.197664,0.00196494,0.284451,0.00309705,0.483246,0.00517122,0.024817,0.000209939,0.000749386,0.0000409202,0,0,0.000877341,6.95958e-7,0.0013848,0.0000526313,0,0,0.000215729,0.0000182596,0,0,0.0000038792,6.92516e-8,0.725069,0.0571626,0.750554,0.0591541,0.652721,0.0515824,0.829218,0.0646957,706.18,57.5395,5039.15,98.9123,3.48113,0.0058273,0.0013591,2.14213e-6,0,0,0.0144622,0.0000445462,0,0,0,0,0.00830274,0.0000203179,0,0,0,0,0,0,0,0,0,0,0,0,0,0,0,0,0,0,0.0013591,2.15169e-6,0.000117523,4.25353e-6,0.000100687,0.0000023421,0.00301967,0.0000578295,0.00434551,0.0000858758,0.00738116,0.0000373272,0.000379114,6.35597e-6,0.0000114486,6.57173e-7,0,0,0.0000134017,1.20601e-7,0.0000211583,9.43939e-7,0,0,3.29394e-6,2.62767e-7,0,0,5.92614e-8,1.41563e-9,0.0135813,0.000401925,0.52406,0.0021316,0.0357447,0.000269651,0.0122393,0.000093011,0.00804271,0.000150421,0.0192085,0.000101201,07/11/2014 3:57:18 PM,0.1887354337,0.0142457821,0.4600885184,0.0347275584,1.0948402706,0.0826387268,456.37267159,0.0000814726,0.0001996497,3.3417411e-7,0.0977287874,0.0271563001,0.0279474703,0.0009241076,1.9788029692,0.065397255,0.0729661072,27.119481147,0.0006950036,0.0008852645,0.7850800917,0.0718214816,0.000104297,-0.4266055,-0.241969539,-0.184635961,0.0006812314,0.0735856223,10.668933232
152,03/26/2013 9:55:00 PM,03/26/2013 10:55:00 PM,03/26/2013 10:12:00 PM,03/26/2013 10:30:00 PM,8.3,57.04,6.13,0.21,21.6,51.4,125.3,39,CO2,12,2,1,CO2,0,50,1250,1250,15,low flow furnace,2,200,200,200,200,200,200,165,425,300,N2,0,54.44,,,G,152,39,8.3,21.6,51.4,125.3,57.04,,1081,42,1.00185,0.0891952,-0.0169619,0.00386932,12.0279,0.030021,1.96878,0.00327563,0.197373,0.0750416,0,0,1.98416,2.52985e-7,-0.04,9.25926e-9,0.0166744,0.0000842414,0.0660129,0.00973329,165.065,1.59949,424.917,0.266974,34.983,0.150258,300.021,0.273325,50.3591,0.254102,3163690,44.908,1263.26,0.413413,3582500,221.208,1253.92,0.761688,1254.01,1.17296,1254.86,1.04507,79.6396,0.273222,260.036,0.753949,497.388,3.88332,249.492,0.686667,201.343,1.73971,189.079,0.886394,201.19,1.80758,199.976,0.0724208,138.61,14.9383,198.45,1.68866,198.821,0.888784,221.692,1.17147,69.8731,0.61933,11.8599,0.380043,37.539,0.330804,17.1226,0.258159,52.4106,0.0612119,52.7486,0.0605988,50.2104,0.0968955,50.0352,0.0852219,83.176,1.01034,48.2684,0.142339,47.8382,0.157849,88.3299,0.139175,51.9268,0.0811828,47.8674,0.190867,47.8322,0.170777,10.0186,0.0600065,28.4928,0.0652775,16.3614,0.0580142,3.68136,0.014865,8.14857,0.0398516,0.700476,0.0229477,0.510714,0.00260661,17.9019,0.113034,25.8307,0.0751387,44.4005,0.152539,2.22048,0.0351271,0.0633333,0.00477119,0,0,0.0792857,0.00260661,0.126905,0.00467901,0,0,168.048,13.2859,0,0,3.3,0.0312348,16.6429,0.72655,7.51333,0.0546504,0,0,,,18.1283,0.124807,23,0.0944458,40.8783,0.229819,2.13333,0.0355903,0,0,26.5331,0.0860183,44.2284,0.148085,2.62865,0.0365684,0.0893966,0.000470965,0.00768481,0.000252156,0.196398,0.00117737,0.283384,0.000814708,0.48711,0.00179299,0.0243603,0.000379596,0.000694804,0.0000521446,0,0,0.000869825,0.0000284974,0.00139224,0.0000512122,0,0,0.000184362,0.0000145764,0,0,3.62036e-6,3.37876e-8,0.726339,0.0652858,0.751016,0.0674847,0.65516,0.0587085,0.827842,0.0745556,604.887,46.3982,4874.84,139.948,3.4823,0.00619588,0.001359,2.26109e-6,0,0,0.0144587,0.0000517776,0,0,0,0,0.00830254,0.0000207228,0,0,0,0,0,0,0,0,0,0,0,0,0,0,0,0,0,0,0.00135869,2.60369e-6,0.000116806,4.04527e-6,0.0000851579,5.39897e-7,0.00298511,0.0000327313,0.00430711,0.0000252152,0.00740343,0.0000307149,0.000370267,7.11076e-6,0.000010563,8.33261e-7,0,0,0.0000132208,4.49564e-7,0.0000211612,8.0562e-7,0,0,2.80209e-6,2.21728e-7,0,0,5.5026e-8,6.48229e-10,0.0135492,0.000467788,0.52389,0.00247764,0.035723,0.000314101,0.0122092,0.0000529573,0.00789852,0.0000982435,0.0191991,0.0000752459,07/11/2014 3:59:28 PM,0.187660036,0.0166293008,0.4574669748,0.0405379648,1.0886019678,0.0964653422,456.38948897,0.00008087,0.0001995823,3.5515179e-7,0.0976390133,0.0317451158,0.0273670634,0.0011253827,1.9724304539,0.0763546617,0.0729661072,27.032145869,0.0006950036,0.0008829576,0.7871312647,0.0705719448,0.0001041796,-0.422875798,-0.239360253,-0.183515545,0.0006815889,0.0734849213,10.711466385
279,05/21/2013 2:50:00 AM,05/21/2013 4:17:00 AM,05/21/2013 3:10:00 AM,05/21/2013 3:20:00 AM,10.53,54.08,6.42,0.19,31.1,65.3,164.8,50,N2,12.08,2,4,CO2,0,50,1250,1250,12.08,low flow furnace,2,200,200,200,200,200,200,165,425,300,CO2,3.3,54.06,,,G,279,50,10.53,31.1,65.3,164.8,54.08,,601,24,3.92363,0.0674319,3.29253,0.00342215,12.4308,0.0405507,2.01997,0.000576389,0.202562,0.0115075,0,0,1.59791,2.05095e-7,-0.04,7.95504e-9,0.0356123,0.000119807,0.057421,0.00819578,164.98,0.319192,425.319,1.07572,32.7732,0.0648169,300.032,0.294661,50.0567,1.33047,3157870,55.1385,3576540,131.924,3576100,256.138,1253.92,0.747343,1244.38,1.1254,1254.47,1.03037,100.416,0.767565,322.695,2.53994,571.135,10.1995,243.88,8.56748,200.817,1.0801,172.941,1.72262,200.77,2.0024,175.33,2.50985,190.98,0.433625,199.82,0.223784,199.454,0.88403,180.321,0.232407,64.6506,1.3325,11.634,0.892729,30.6109,0.10619,16.4293,0.541282,55.3509,0.0538046,55.6611,0.0654094,50.2515,0.0917749,50.0966,0.0894275,75.868,0.980832,49.3941,0.0971913,48.9243,0.103801,90.2288,0.0948717,51.3687,0.0911157,48.8272,0.189071,35.7326,0.867924,8.71509,0.0408375,36.9535,0.0634933,5.97124,0.0227468,3.8397,0.0146755,3.91542,0.0131807,23.3096,0.0701228,0.295417,0.00508977,29.5596,0.0699987,24.1942,0.106196,12.6508,0.141296,5.31042,0.0349508,0.13,5.38167e-9,0.208333,0.00481543,0.11,1.55355e-9,0.1,1.09853e-9,0,0,2176.14,18.769,9.35,1.22794,0.95,0.0510754,4.04167,0.204124,3.8025,0.0903235,23.2575,0.155644,,,28.39,0.220756,21.915,0.231012,12.395,0.249466,4.8175,0.005,0.02,0,24.0075,0.0847108,12.3975,0.14149,5.45935,0.0391162,0.0538001,0.000216733,0.320287,0.00128385,0.406164,0.000793757,0.33244,0.00132085,0.17383,0.00200736,0.0729676,0.000424113,0.00178627,1.81804e-6,0.00286258,0.0000648142,0.00151146,1.53835e-6,0.00137405,0.0000013985,0,0,0.00299013,0.0000249243,0.0000128475,1.68833e-6,0.0000013054,7.11077e-8,0.640747,0.01168,0.685702,0.0126276,0.545629,0.00974292,0.433358,0.00912581,7632.4,65.5341,15233.8,110.442,3.63132,0.00654319,0.00139433,3.97867e-7,0.00858068,0.0000279912,0.0140653,0.0000496611,0,0,0,0,0.00227275,2.36223e-6,0,0,0,0,0,0,0,0,0,0,0,0,0,0,0,0,0,0,0.00139436,2.42743e-11,0.00830106,0.0000289125,0.000105203,1.70788e-6,0.0105269,0.0000495671,0.00861618,0.0000598785,0.00450517,0.0000443262,0.0018912,0.0000178438,0.000046296,1.55749e-7,0.0000741957,1.87419e-6,0.0000391736,1.31788e-7,0.0000356123,1.19807e-7,0,0,0.0000774989,8.61328e-7,3.33005e-7,4.39883e-8,3.38293e-8,1.77406e-9,0.0221812,0.000342099,0.530962,0.0022594,0.031256,0.000242713,0.0159064,0.0000683142,0.030235,0.000171923,0.0177317,0.0000653051,07/14/2014 10:06:34 AM,0.5685525834,0.0095115017,1.4348769639,0.024004525,3.012780249,0.050401784,440.09214608,0.0000792674,0.0001913924,3.4482178e-7,0.2820796927,0.0117795596,0.0853590614,0.0016669306,4.286087098,0.0572519442,0.0729661072,58.740794339,0.0006950036,0.0013995772,0.4965810748,0.0949948389,0.0002324244,-0.605816021,-0.700008516,0.0941924949,0.0006860922,0.0722282559,6.875163584
281,05/23/2013 12:03:00 AM,05/23/2013 12:38:00 AM,05/23/2013 12:18:00 AM,05/23/2013 12:28:00 AM,11.98,54.6,-1.76,0.19,33.8,75.7,172.2,50,N2,12.08,2,4,CO2,0,50,1250,1250,12.08,low flow furnace,2,200,200,200,200,200,200,165,425,300,CO2,3.3,54.06,,,G,281,50,11.98,33.8,75.7,172.2,54.6,,601,25,3.97375,0.0802093,3.29948,0.00325121,12.4299,0.0411804,2.02,2.41577e-7,0.202296,0.00887236,0,0,1.59791,2.05095e-7,-0.04,7.95504e-9,0.0339792,0.00011675,0.0539434,0.00958767,164.86,0.323102,423.977,0.853257,31.1389,0.157654,300.093,0.577004,39.1791,0.0789067,3157310,56.7902,3575900,139.42,3575480,237.453,1253.93,0.752353,1241.8,1.27101,1254.61,1.066,109.323,0.789485,245.517,4.90066,567.49,5.29685,223.24,10.8762,200.451,1.19735,167.49,1.74818,199.975,2.00912,199.429,0.429087,168.457,1.43193,199.733,0.208992,198.97,0.97866,181.88,0.369498,60.7801,2.0517,11.2485,0.464618,27.0767,0.231989,15.8965,0.187584,54.4004,0.099096,54.7661,0.106669,50.2971,0.178065,50.1469,0.160969,70.0637,1.80433,49.7989,0.185083,49.2622,0.210674,89.1952,0.083871,51.3983,0.19412,48.7897,0.270276,46.566,1.54165,9.61893,0.0519024,37.277,0.136976,5.85319,0.0302051,3.75278,0.0195136,4.1036,0.0141067,24.2796,0.121877,0.2884,0.00374166,27.63,0.176186,23.3876,0.200713,13.5592,0.0845537,5.8364,0.0607509,0.13,5.26836e-9,0.2916,0.006245,0.1336,0.00489898,0.1,0,0,0,2591.2,91.8937,10.664,3.28873,5.424,0.043589,34.24,1.78606,3.88667,0.173877,24.45,0.245561,,,27.0367,0.172434,21.4867,0.115902,13.4133,0.293995,5.39667,0.051316,0.0233333,0.0057735,23.461,0.191605,13.2231,0.0701988,6.042,0.0574544,0.0572991,0.000254238,0.339021,0.00229832,0.385803,0.00291203,0.32656,0.00244584,0.189327,0.00100296,0.0814933,0.000760569,0.0018152,3.22109e-6,0.00407156,0.0000833678,0.00186538,0.0000657954,0.00139631,2.47776e-6,0,0,0.0036183,0.00013357,0.0000148952,4.60712e-6,7.57355e-6,5.67068e-8,0.617134,0.0118723,0.668079,0.0129291,0.517307,0.0100071,0.400032,0.00792384,9110.75,332.328,18029.2,273.624,3.63322,0.01105,0.00139436,1.37087e-10,0.00858007,0.0000284258,0.0145052,0.0000672054,0,0,0,0,0.00227755,2.24423e-6,0,0,0,0,0,0,0,0,0,0,0,0,0,0,0,0,0,0,0.00139436,1.68031e-11,0.00824998,0.0000422565,0.0000979963,1.32952e-6,0.0093884,0.0000577155,0.00794703,0.0000843145,0.00460729,0.0000290558,0.0019832,0.0000251944,0.000044173,1.51775e-7,0.0000990863,2.27991e-6,0.0000453977,1.71272e-6,0.0000339792,1.1675e-7,0,0,0.0000880458,3.09769e-6,3.62332e-7,1.11443e-7,1.84303e-7,1.53866e-9,0.0221135,0.000400335,0.510818,0.00224705,0.0339745,0.000339741,0.0155494,0.000114391,0.0284646,0.000141918,0.0172596,0.000120234,07/14/2014 10:06:53 AM,0.5424261227,0.01096671,1.2338940333,0.02494673,2.7634845658,0.0558718183,440.09177807,0.000025411,0.0001912935,5.8047632e-7,0.2978028364,0.0121559618,0.0895564143,0.001635634,4.3109885444,0.0673547916,0.0729661072,59.08206849,0.0006950036,0.0013626913,0.5100227564,0.0999800867,0.0002354374,-0.65911877,-0.673299934,0.0141811636,0.0006873088,0.0718924564,7.0942457925
283,05/28/2013 11:45:00 AM,05/28/2013 12:30:00 PM,05/28/2013 12:05:00 PM,05/28/2013 12:20:00 PM,11.53,54.49,-1.69,0.19,32.5,75.1,174,50,N2,24.16,2,4,CO2,0,50,1250,1250,24.16,low flow furnace,2,200,200,200,200,200,200,165,425,300,CO2,6.6,54.06,,,G,283,50,11.53,32.5,75.1,174,54.49,,901,39,3.957,0.0897561,6.60325,0.0033271,24.534,0.0419473,2.02004,0.000665185,0.203774,0.0119615,0,0,3.19582,4.21731e-7,-0.04,8.95448e-9,0.0525416,0.000179086,0.0633962,0.00996703,165.033,0.284138,425.093,0.366266,31.2291,0.175774,299.967,0.309059,46.7965,1.46298,3161900,138.137,3580950,195.124,3580570,267.506,1253.92,0.768814,1247.4,1.12501,1254.77,1.04257,83.9517,0.774577,299.428,1.1469,753.622,8.2419,358.925,4.7782,202.332,0.892177,218.589,1.2637,201.626,1.82418,200.022,0.127617,176.58,0.359905,199.763,0.181524,198.878,1.29506,183.08,0.284797,65.3596,1.26507,19.015,0.14099,36.2833,0.133349,26.9083,0.136993,64.7954,0.0961952,66.1526,0.10538,50.8511,0.40457,50.7058,0.402333,64.6468,5.47693,47.7081,0.692561,47.2591,0.717835,95.899,0.046594,52.7116,0.396019,52.0474,2.35317,21.875,0.352185,9.6864,0.0855541,39.4918,0.308174,7.04745,0.0622177,2.38539,0.0213963,2.65385,0.00906566,35.7531,0.119233,0.413846,0.00543642,22.0774,0.0746119,17.301,0.0716642,15.9677,0.0234478,4.78615,0.0347635,0.107692,0.00426833,0.403077,0.0100404,0.163077,0.00467572,0.07,1.48028e-9,0,0,2948.49,28.239,22.3795,1.2664,4.6641,0.0485971,30.7692,0.426833,2.764,0.275282,6.088,9.85518,,,3.924,6.09279,3.06,4.14202,15.416,0.0559464,0.808,1.15679,0.024,0.00547723,17.3266,0.0785883,15.1005,0.0443695,4.97216,0.0338178,0.043091,0.000211637,0.580531,0.00312305,0.358472,0.00084974,0.280917,0.000792914,0.25927,0.000821538,0.0777125,0.00046354,0.00174853,0.0000673326,0.00654476,0.000161845,0.00264795,0.0000780638,0.0011366,2.33158e-6,0,0,0.00478751,0.0000470224,0.0000363381,2.06252e-6,7.57313e-6,7.81254e-8,0.777132,0.0192123,0.865666,0.0214243,0.650534,0.0160452,0.457626,0.0113204,10400.5,98.6002,20167.8,226.937,1.88349,0.0117013,0.00139439,4.59161e-7,0.0169352,0.0000289552,0.0255423,0.0000723795,0,0,0,0,0.00455806,2.29662e-6,0,0,0,0,0,0,0,0,0,0,0,0,0,0,0,0,0,0,0.00139436,4.99652e-11,0.0187851,0.0000602158,0.000217445,3.20232e-6,0.0115998,0.0000591577,0.0090903,0.0000614157,0.00838965,0.0000230179,0.00251477,0.0000254344,0.000056586,2.31862e-6,0.000211791,5.63023e-6,0.000085684,2.50269e-6,0.0000367791,1.2536e-7,0,0,0.00015492,1.72888e-6,1.17585e-6,6.67111e-8,2.4506e-7,2.71396e-9,0.0244114,0.000450339,0.905659,0.00241958,0.0509555,0.000378197,0.0217534,0.000118173,0.0362901,0.000233457,0.026087,0.0000995278,07/14/2014 10:07:52 AM,0.2785225183,0.0060689799,0.6453118266,0.0140612849,1.4911667132,0.0324923845,443.37708792,0.0000825919,0.0003690124,2.290602e-6,0.109338452,0.0177988608,0.1029629167,0.0022030871,5.2253534781,0.0760909024,0.0729661072,71.613433647,0.0006950036,0.0021821316,0.3184975537,0.1266673517,0.0002810223,-0.429961715,-1.144140485,0.7141787697,0.0006846736,0.0726217977,4.3857018639
286,05/21/2013 7:12:00 AM,05/21/2013 9:01:00 AM,05/21/2013 7:45:00 AM,05/21/2013 7:55:00 AM,10.53,54.08,6.42,0.19,31.1,65.3,164.8,50,N2,12.08,2,4,CO2,0,50,1250,1250,12.08,low flow furnace,2,200,200,200,200,200,200,165,425,300,CO2,3.3,54.06,,,G,286,50,10.53,31.1,65.3,164.8,54.08,,601,24,3.97345,0.0969174,3.29188,0.00323602,12.4322,0.0398751,2.01987,0.00114699,0.203927,0.0119675,0,0,1.59791,2.05095e-7,-0.04,7.95504e-9,0.0359805,0.000191767,0.0572879,0.0105892,165.242,0.269147,425.689,0.454785,34.4591,0.29788,299.981,0.589424,51.6679,0.839565,3159800,38.7945,3578630,124.264,3578290,221.902,1253.98,0.72103,1246.24,1.11913,1255.22,1.08258,106.868,0.583406,312.771,1.09517,693.293,4.09007,351.224,2.10098,201.603,1.06819,213.544,3.88964,201.788,1.52724,199.847,0.689447,185.401,2.26164,199.794,0.224106,199.515,0.875021,181.027,1.08595,60.8682,0.943031,12.7007,0.942128,29.9236,0.12969,18.29,0.621905,54.6855,0.0388521,55.0542,0.0451931,50.7577,0.356614,50.4318,0.365723,72.1229,4.45984,48.4484,0.767992,48.0361,0.784027,90.4558,0.0742009,51.7901,0.348468,51.6069,0.931857,36.8255,2.29302,9.22283,0.090563,37.3526,0.26207,6.01888,0.0500169,3.87048,0.0326226,3.87542,0.0206375,22.8629,0.0970647,0.350833,0.0028233,30.2079,0.0605036,21.8883,0.113776,14.1925,0.100011,5.80875,0.0390443,0.14,4.66066e-9,0.237083,0.00464306,0.06875,0.00337832,0.09,2.69083e-9,0,0,2739.1,29.8452,16.4917,1.26969,0.9625,0.0494535,5.5,1.02151,3.9075,0.237118,23.08,0.0757188,,,29.5825,0.0665207,20.17,0.420793,13.9425,0.104043,5.5525,0.274272,0.0425,0.005,22.0572,0.12477,13.8222,0.094831,6.00842,0.0366196,0.0529,0.000335656,0.312082,0.00178865,0.41234,0.000616821,0.298778,0.0017001,0.193728,0.00123407,0.0792892,0.000435267,0.00191101,2.86647e-6,0.00323614,0.0000599253,0.000938396,0.0000452472,0.00122851,1.84273e-6,0,0,0.00373892,0.0000435883,0.0000225109,1.73029e-6,1.31377e-6,6.65735e-8,0.633007,0.0138245,0.683147,0.0149575,0.529643,0.0115323,0.389494,0.00861926,9624.97,103.985,17044.3,77.075,3.65979,0.0203775,0.00139426,7.91739e-7,0.00858166,0.0000275248,0.014102,0.0000713761,0,0,0,0,0.0022723,2.23374e-6,0,0,0,0,0,0,0,0,0,0,0,0,0,0,0,0,0,0,0.00139436,2.42743e-11,0.00822611,0.0000409487,0.00012623,1.03728e-6,0.010869,0.0000625602,0.00787563,0.000070499,0.00510649,0.0000399394,0.00209008,0.0000243692,0.0000503727,2.68473e-7,0.000085305,1.79309e-6,0.0000247394,1.27492e-6,0.0000323825,1.7259e-7,0,0,0.0000985551,1.25185e-6,5.9338e-7,4.57467e-8,3.46328e-8,1.81994e-9,0.0224335,0.000491743,0.532631,0.00324736,0.0314345,0.000348934,0.016086,0.000112375,0.0318995,0.000232803,0.0182148,0.000106644,07/14/2014 10:08:50 AM,0.5802838987,0.0142356057,1.4644837136,0.0359269192,3.0749449035,0.0754349784,440.06378638,0.0000490818,0.0001899088,1.0575953e-6,0.2848645185,0.0140390941,0.0929167758,0.0019282196,4.3323805034,0.0824062634,0.0729661072,59.375245142,0.0006950036,0.0014048329,0.4947232967,0.1036684324,0.0002337394,-0.635552084,-0.703756669,0.0682045849,0.0006852178,0.0724705758,6.826540172
287,05/21/2013 10:38:00 AM,05/21/2013 11:31:00 AM,05/21/2013 11:16:00 AM,05/21/2013 11:26:00 AM,10.53,54.08,6.42,0.19,31.1,65.3,164.8,50,N2,12.08,2,4,CO2,0,50,1250,1250,12.08,low flow furnace,2,200,200,200,200,200,200,165,425,300,CO2,3.3,54.06,,,G,287,50,10.53,31.1,65.3,164.8,54.08,,601,24,3.99191,0.140514,3.29149,0.00328606,12.4347,0.03824,2.01967,0.00197207,0.202928,0.011094,0,0,1.59791,2.05095e-7,-0.04,7.95504e-9,0.0354559,0.000289283,0.0646922,0.0164098,164.921,0.26809,424.818,0.381108,34.7057,0.491731,299.974,0.609941,51.8097,0.615195,3160090,36.9042,3578930,121.727,3578550,235.92,1254,0.754254,1245.47,1.11509,1255.08,1.03533,106.921,0.563144,302.755,0.782842,705.083,13.9993,353.259,2.62423,201.466,0.893967,223.051,9.43505,201.662,1.75173,199.565,0.549057,190.344,1.63511,199.807,0.247463,199.442,1.12694,179.48,2.21887,66.4623,1.77291,11.574,0.55654,31.5221,0.144191,16.6728,0.336784,54.7336,0.0581522,55.1206,0.0636054,50.8515,0.580713,50.6105,0.559939,71.5938,6.91234,48.3299,1.13882,47.8715,1.15544,89.7186,0.0927611,51.8442,0.567873,50.0166,0.714217,47.3455,0.261602,9.26968,0.124809,37.432,0.430019,6.02527,0.0767068,3.87453,0.0507757,3.93208,0.031065,23.0083,0.0676093,0.362917,0.00464306,29.665,0.18142,23.7017,0.0828653,12.8717,0.0874601,5.64583,0.083088,0.14,4.66066e-9,0.232917,0.0116018,0.0820833,0.00414851,0.1,1.09853e-9,0,0,2560.26,43.3546,14.65,1.61784,1.05417,0.0508977,4.58333,0.50361,4.08667,0.545375,23.9433,1.39787,,,19.27,16.6722,21.63,0.1,12.5967,0.210317,5.25333,0.0950439,0.03,4.65661e-10,23.5118,0.104698,12.5427,0.0841915,5.83501,0.0797875,0.0538206,0.000472871,0.314927,0.00128739,0.406036,0.00214792,0.324414,0.00078845,0.176182,0.00137322,0.0772778,0.0011905,0.00191624,2.27235e-6,0.00318815,0.000161371,0.00112356,0.0000578067,0.00136875,1.62311e-6,0,0,0.00350433,0.0000581454,0.0000200514,2.20738e-6,1.44283e-6,6.85252e-8,0.627747,0.0213022,0.67608,0.0228901,0.528787,0.0180072,0.415462,0.0142662,8994.27,151.067,16713.2,201.914,3.66492,0.0330062,0.00139413,1.36127e-6,0.00858339,0.0000263962,0.0141156,0.000103484,0,0,0,0,0.00227204,2.26828e-6,0,0,0,0,0,0,0,0,0,0,0,0,0,0,0,0,0,0,0.00139407,1.40902e-6,0.00815772,0.0000599232,0.000128667,1.25649e-6,0.0105182,0.000129296,0.0084038,0.0000924871,0.00456359,0.0000268145,0.00200173,0.0000303425,0.0000496382,4.04996e-7,0.0000825688,0.0000038525,0.0000290972,0.0000013481,0.0000354559,2.89283e-7,0,0,0.0000907765,1.71119e-6,5.19669e-7,5.96382e-8,3.73891e-8,2.0809e-9,0.0225269,0.000713066,0.533249,0.00470814,0.0315004,0.000506121,0.0159468,0.00012852,0.0308201,0.000278659,0.0176597,0.000125631,07/14/2014 10:09:07 AM,0.583795942,0.020979592,1.473347186,0.0529469643,3.0935553456,0.1111716003,440.05297864,0.0000800469,0.0001896525,1.7087515e-6,0.291288152,0.0215818772,0.0889604655,0.0029036037,4.3464740179,0.1193991048,0.0729661072,59.568396662,0.0006950036,0.0013859036,0.5014804583,0.0988271457,0.0002349953,-0.637169575,-0.690190639,0.053021064,0.0006855795,0.0723702371,6.9293742643
291,05/23/2013 3:01:00 AM,05/23/2013 5:32:00 AM,05/23/2013 4:41:00 AM,05/23/2013 4:51:00 AM,11.98,54.6,-1.76,0.19,33.8,75.7,172.2,50,N2,12.08,2,4,CO2,0,50,1250,1250,12.08,low flow furnace,2,200,200,200,200,200,200,165,425,300,CO2,3.3,54.06,,,G,291,50,11.98,33.8,75.7,172.2,54.6,,601,25,4.08276,0.182102,3.3001,0.00321821,12.4362,0.0391259,2.02002,0.000407909,0.203561,0.012502,0,0,1.59791,2.05095e-7,-0.04,7.95504e-9,0.0359023,0.000293502,0.0590349,0.00978436,165.099,0.280645,425.088,0.177205,35.385,0.414057,299.9,0.651916,43.8378,0.132637,3159990,35.0965,3578880,120.118,3578510,239.947,1253.99,0.76543,1243.15,1.12813,1254.96,1.07784,127.368,0.818197,259.077,1.19709,814.864,3.92435,373.294,2.30171,202.079,1.2165,219.247,6.17702,204.588,1.73031,200.632,0.644212,173.054,1.45445,199.719,0.223933,199.322,1.23957,181.518,0.808178,61.6494,0.973116,11.7226,0.156725,29.6191,0.129894,17.764,0.10306,54.7277,0.0780522,55.0965,0.0866092,50.7899,0.492757,50.3136,0.352174,67.4769,3.81659,49.0435,0.695337,48.5416,0.707927,89.7165,0.0612331,51.82,0.478934,55.3464,3.65382,49.514,0.374556,9.39511,0.106308,37.7017,0.363701,5.8844,0.0783621,3.77139,0.0511889,3.884,0.0313581,23.3996,0.106477,0.3528,0.00458258,29.0488,0.0489319,21.5728,0.0528772,14.5192,0.0228983,6.2404,0.0560862,0.1568,0.00476095,0.3296,0.00675771,0.07,2.40466e-9,0.09,2.40466e-9,0,0,3263.56,12.2572,23.544,1.28682,4.496,0.02,42.52,0.585947,3.78333,0.153079,23.7,0.0793725,,,28.6333,0.0680686,19.9567,0.212211,14.27,0.06,5.72667,0.023094,0.06,9.31323e-10,21.9092,0.0849712,14.1189,0.031243,6.49448,0.0677822,0.0534186,0.000489174,0.321826,0.00199004,0.399519,0.00090299,0.296698,0.000331186,0.199688,0.000301976,0.0858256,0.000653858,0.00215649,0.0000641269,0.004533,0.0000870195,0.000962737,1.61579e-6,0.0012378,2.07745e-6,0,0,0.0044885,0.0000169545,0.0000323815,1.78052e-6,6.18352e-6,2.9078e-8,0.635329,0.0275903,0.694679,0.0302194,0.525169,0.0228271,0.380829,0.016555,11503.1,42.95,20321.1,131.434,3.66108,0.0280294,0.00139437,2.81569e-7,0.00858443,0.0000270076,0.0145965,0.000152579,0,0,0,0,0.00227798,2.22145e-6,0,0,0,0,0,0,0,0,0,0,0,0,0,0,0,0,0,0,0.00139436,1.68031e-11,0.00840087,0.0000637702,0.000126666,2.14335e-6,0.0104291,0.0000763669,0.00774522,0.0000764598,0.00521276,0.0000480536,0.00224058,0.0000374365,0.0000563003,1.94083e-6,0.000118348,3.24898e-6,0.0000251316,2.05451e-7,0.0000323121,2.64151e-7,0,0,0.000117169,9.84163e-7,8.45346e-7,4.7836e-8,1.61415e-7,1.35705e-9,0.0226581,0.000909013,0.513872,0.00510156,0.0344372,0.000771529,0.0164056,0.000175776,0.031908,0.000329768,0.0182974,0.000172986,07/14/2014 10:09:52 AM,0.5615543573,0.0247050215,1.2774063451,0.0561982126,2.860936696,0.1258640442,439.96368121,0.0000500836,0.0001898467,1.4498573e-6,0.2746966535,0.0284217796,0.09905068,0.0038935098,4.4063368837,0.1539265668,0.0729661072,60.388816827,0.0006950036,0.0014161612,0.4907658712,0.1099394901,0.0002397536,-0.644035163,-0.711788106,0.0677529423,0.0006866717,0.0720681187,6.8097499993
292,05/23/2013 5:40:00 AM,05/23/2013 6:35:00 AM,05/23/2013 6:00:00 AM,05/23/2013 6:12:00 AM,11.98,54.6,-1.76,0.19,33.8,75.7,172.2,50,N2,12.08,2,4,CO2,0,50,1250,1250,12.08,low flow furnace,2,200,200,200,200,200,200,165,425,300,CO2,3.3,54.06,,,G,292,50,11.98,33.8,75.7,172.2,54.6,,721,32,4.00967,0.138541,3.30008,0.00319986,12.4361,0.038052,2.02008,0.000909065,0.20251,0.0102711,0,0,1.59791,2.08758e-7,-0.04,8.45859e-9,0.0357942,0.000466565,0.0590985,0.0105353,165.075,0.284368,425.061,0.212559,35.8418,0.511449,300.022,1.01322,44.201,0.220932,3160200,34.7602,3579110,122.392,3578730,239.274,1253.95,0.759405,1243.56,1.07293,1254.85,1.01225,130.378,0.85939,242.141,1.5027,707.122,9.52979,365.242,1.48793,201.445,1.1599,208.82,0.981428,201.832,1.62944,200.676,0.761315,167.605,3.1166,199.765,0.195194,199.078,1.39863,181.315,1.15354,71.3926,2.58503,12.2653,0.0943232,30.8795,0.118943,18.2487,0.209428,54.875,0.0818775,55.2551,0.0806089,50.9675,0.662493,50.3711,0.440512,66.5513,4.89596,48.3674,1.11878,47.6638,1.13852,89.77,0.0517634,51.9838,0.641394,59.2351,2.41403,50.0567,0.59595,9.47419,0.172008,37.7927,0.489829,5.9232,0.0875463,3.79693,0.0568876,3.77437,0.690614,23.3347,0.12221,0.365938,0.00498991,29.4106,0.0879493,21.6047,0.0791888,14.4225,0.0671061,6.06125,0.0603618,0.149062,0.00296145,0.289062,0.00640533,0.07,2.11582e-9,0.0871875,0.0159099,0,0,3037.63,63.802,19.7,3.84179,4.52187,0.0420013,42.0625,0.800705,3.7675,0.156072,23.585,0.110303,,,29.06,0.110151,20.0475,0.129968,14.16,0.0969536,5.5625,0.0953502,0.05,0,21.931,0.117641,14.0406,0.0576575,6.30578,0.0563518,0.0535455,0.000734677,0.320773,0.00213678,0.40416,0.00123337,0.296887,0.000816699,0.198217,0.000991453,0.0832829,0.000763965,0.00204815,0.0000402014,0.00397215,0.0000863137,0.000962023,1.58773e-6,0.00123689,2.04137e-6,0,0,0.00417227,0.000087041,0.0000279474,1.89216e-6,0.0000062155,6.25684e-8,0.639031,0.0246706,0.694972,0.02712,0.530614,0.0203779,0.386447,0.0140969,10696.1,226.12,18901.8,284.641,3.67048,0.037271,0.00139441,6.27505e-7,0.00858435,0.0000262663,0.0145353,0.00011608,0,0,0,0,0.00227797,2.20879e-6,0,0,0,0,0,0,0,0,0,0,0,0,0,0,0,0,0,0,0.00139436,3.97634e-11,0.00835462,0.000126175,0.00013094,2.58583e-6,0.0105261,0.000114899,0.00773234,0.0000934353,0.00516283,0.0000889473,0.00216937,0.0000482126,0.0000533554,1.64352e-6,0.000103478,3.39645e-6,0.000025056,3.26595e-7,0.0000322148,4.19908e-7,0,0,0.000108687,3.39232e-6,7.28024e-7,5.20992e-8,1.61877e-7,2.27182e-9,0.0222932,0.000691611,0.511825,0.0038812,0.0341275,0.000587065,0.0161838,0.000255914,0.0316957,0.00046709,0.0181889,0.000268956,07/14/2014 10:10:12 AM,0.5529255683,0.0194142505,1.257777845,0.0441629319,2.8169758244,0.0989092883,440.02810604,0.0000680876,0.0001893692,1.9202471e-6,0.2739243813,0.0252052055,0.0973239448,0.0036014712,4.3453359633,0.1173913121,0.0729661072,59.552799632,0.0006950036,0.0014104859,0.4927405066,0.1083859641,0.0002361684,-0.633720452,-0.707772599,0.0740521468,0.0006864784,0.0721214883,6.8320901052
297,05/24/2013 4:21:00 PM,05/24/2013 5:17:00 PM,05/24/2013 4:47:00 PM,05/24/2013 4:56:00 PM,11.53,54.49,-1.69,0.19,32.5,75.1,174,50,N2,24.16,2,4,CO2,0,50,1250,1250,24.16,low flow furnace,2,200,200,200,200,200,200,165,425,300,CO2,6.6,54.06,,,G,297,50,11.53,32.5,75.1,174,54.49,,541,23,3.95492,0.10241,6.59825,0.0689931,24.5507,0.0441214,2.02074,0.00268888,0.202181,0.0093121,0,0,3.19582,4.04193e-7,-0.04,7.5873e-9,0.0506972,0.000191231,5.86669,5.17995,165.271,0.331457,425.072,0.23527,35.5612,0.141005,300,0.2217,58.3309,0.181112,3168950,61.1679,3588510,141.357,3588120,231.945,1253.91,0.777795,1248.43,1.13078,1254.74,1.0677,121.324,0.349014,283.024,1.08896,745.779,3.22529,369.005,1.17863,223.274,0.842832,222.048,0.479337,201.783,1.45292,200.294,0.287015,156.586,0.86371,197.085,0.106002,190.132,0.435398,183.982,0.474958,73.9068,2.05672,22.0365,0.308386,38.3128,0.287645,30.224,0.391868,64.1584,0.0643193,65.5005,0.058077,51.2802,1.04181,50.9776,1.00235,69.3908,9.28292,49.5907,1.30541,49.0987,1.32234,95.4327,0.0495182,53.0702,0.994593,69.0973,4.87334,52.9203,0.843925,9.67499,0.143744,39.8277,0.818832,7.1022,0.153928,2.40633,0.0481778,2.75217,0.011264,37.3017,0.130442,0.510435,0.0076742,20.1083,0.109073,16.2496,0.0476234,16.6535,0.0401824,5.04087,0.0237244,0.12,3.55192e-9,0.653478,0.00775107,0.19087,0.00288104,0.07,2.24643e-9,0,0,3276.7,0,38.4435,1.84411,5.91304,0.0625543,31.7826,0.599736,2.91667,0.439811,39.02,0.381051,,,20.0167,0.109697,15.9133,2.56921,16.1767,0.178979,4.58,0.069282,0.04,6.58544e-10,16.4777,0.122804,15.9654,0.087053,5.38717,0.0343072,0.0459245,0.000288586,0.62244,0.00364425,0.335532,0.00110065,0.271149,0.00122605,0.277887,0.000437064,0.0841136,0.000237841,0.00200238,4.72608e-6,0.0109041,0.000113606,0.003185,0.0000526173,0.00116805,2.75688e-6,0,0,0.00546766,0.000012905,0.000064144,2.97774e-6,9.86691e-6,1.18103e-7,0.741938,0.0229083,0.84793,0.0261127,0.612803,0.018923,0.416258,0.0122381,11618.3,7.42389,25009.7,95.0733,1.89547,0.030039,0.00139487,1.85607e-6,0.0169468,0.000030456,0.0255407,0.0000825838,0,0,0,0,0.00455461,0.0000476243,0,0,0,0,0,0,0,0,0,0,0,0,0,0,0,0,0,0,0.00139526,2.37697e-6,0.0189108,0.0000450637,0.000258783,4.45813e-6,0.0101945,0.0000875692,0.00823805,0.0000324045,0.00844289,0.0000461667,0.00255562,0.0000206858,0.0000608367,2.29478e-7,0.000331305,4.85702e-6,0.0000967632,1.33261e-6,0.0000354881,1.33862e-7,0,0,0.00016612,6.26608e-7,1.94914e-6,9.73206e-8,2.9977e-7,2.91973e-9,0.0243975,0.000515784,0.905603,0.0027607,0.0509398,0.0004414,0.0213342,0.000100167,0.0343146,0.000280092,0.0253826,0.000114449,07/14/2014 10:11:47 AM,0.2801937413,0.0095930874,0.6491839014,0.0222263276,1.5001141844,0.0513599139,443.37449568,0.0000555933,0.0003667573,5.8082715e-6,0.1237298307,0.021739373,0.1049692538,0.0027478106,5.2269943825,0.0869013195,0.0729661072,71.635922231,0.0006950036,0.002121707,0.3275681181,0.1287927313,0.000280319,-0.489711765,-1.116059251,0.6263474864,0.0006841911,0.0727561351,4.5022748601
298,05/24/2013 5:44:00 PM,05/24/2013 6:52:00 PM,05/24/2013 6:36:00 PM,05/24/2013 6:47:00 PM,11.53,54.49,-1.69,0.19,32.5,75.1,174,50,N2,24.16,2,4,CO2,0,50,1250,1250,24.16,low flow furnace,2,200,200,200,200,200,200,165,425,300,CO2,6.6,54.06,,,G,298,50,11.53,32.5,75.1,174,54.49,,661,28,3.99429,0.105821,6.59668,0.0653569,24.5541,0.0425792,2.02018,0.00144506,0.201997,0.00838144,0,0,3.19582,4.1337e-7,-0.04,8.2233e-9,0.0526905,0.000353471,7.3012,6.97256,165.023,0.275631,424.775,0.387058,36.855,0.279379,299.994,0.168761,59.0346,0.169008,3170890,51.1256,3590570,130.065,3590190,232.312,1254.01,0.802095,1248.68,1.19791,1254.89,1.07255,120.992,0.454432,269.052,0.668711,858.06,9.08901,376.302,0.682111,208.972,0.335811,233.002,1.55996,201.757,1.44717,200.311,0.258308,160.55,0.667486,199.61,0.240223,193.605,0.273699,188.304,0.337216,70.6746,1.83651,23.9661,0.445808,39.4315,0.373819,32.1111,0.91293,64.2772,0.103969,65.5523,0.0911858,51.084,0.718828,50.8918,0.711172,69.6494,7.97582,47.2521,1.16497,46.8012,1.18153,95.3399,0.0825703,52.8262,0.697416,101.418,3.69392,138.667,11.1365,9.51831,0.144394,39.6883,0.555486,7.06712,0.122253,2.39403,0.0350971,2.64643,0.0176833,36.1443,0.175698,0.575357,0.00692935,21.79,0.110286,15.3221,0.0831935,17.3257,0.0302372,4.94464,0.0539878,0.129286,0.00262265,0.591071,0.0172861,0.129286,0.00262265,0.06,1.60311e-9,0,0,3274.93,9.0056,34.8286,1.53354,6.1,0.0272166,30.4643,0.744468,2.616,0.268011,36.496,0.0887694,,,21.748,0.367042,13.774,0.225011,16.94,0.167481,4.528,0.153851,0.05,6.58544e-10,15.626,0.118303,16.6622,0.063054,5.2757,0.0608923,0.0432441,0.000406156,0.590616,0.00469718,0.356051,0.00143075,0.250365,0.000976791,0.283106,0.000859673,0.0807946,0.000694722,0.00211253,0.0000416324,0.00965785,0.000269095,0.00211254,0.0000421473,0.000980416,3.03978e-6,0,0,0.00535134,0.0000248498,0.0000569105,2.50379e-6,9.96757e-6,5.64926e-8,0.761287,0.0206403,0.863078,0.0232061,0.631387,0.017296,0.40253,0.0104279,11598.3,32.4415,23420.1,256.124,1.88982,0.0206753,0.00139448,9.97491e-7,0.0169491,0.0000293914,0.0255724,0.0000853344,0,0,0,0,0.00455353,0.0000451143,0,0,0,0,0,0,0,0,0,0,0,0,0,0,0,0,0,0,0.00139436,2.24041e-11,0.0190441,0.0000756396,0.00030316,4.27038e-6,0.0114815,0.000121032,0.00807344,0.0000834293,0.00912904,0.0000674728,0.00260549,0.0000426404,0.0000681232,1.54106e-6,0.000311461,0.000010082,0.0000681225,1.51073e-6,0.0000316143,2.12082e-7,0,0,0.000172558,1.22295e-6,1.83511e-6,8.11708e-8,3.21409e-7,2.18806e-9,0.024594,0.000533368,0.906664,0.00285264,0.0511035,0.000455914,0.0218496,0.000211023,0.0370908,0.000424191,0.0266347,0.000211346,07/14/2014 10:12:05 AM,0.2820982411,0.0078866114,0.6535964573,0.018272575,1.5103105829,0.042223704,443.36955322,0.0000852641,0.0003678062,4.0081581e-6,0.1117236097,0.019367801,0.1059186981,0.002490458,5.2611707527,0.0896229757,0.0729661072,72.10430915,0.0006950036,0.0021803157,0.3187628046,0.1300114219,0.0002819588,-0.459836292,-1.143308012,0.6834717197,0.0006840741,0.0727887502,4.3792866885
299,05/28/2013 5:02:00 PM,05/28/2013 5:51:00 PM,05/28/2013 5:38:00 PM,05/28/2013 5:49:00 PM,11.53,54.49,-1.69,0.19,32.5,75.1,174,50,N2,24.16,2,4,CO2,0,50,1250,1250,24.16,low flow furnace,2,200,200,200,200,200,200,165,425,300,CO2,6.6,54.06,,,G,299,50,11.53,32.5,75.1,174,54.49,,661,28,3.92327,0.0493797,6.60424,0.00369629,24.5439,0.0419631,2.02,2.08345e-7,0.201513,0.00775448,0,0,3.19582,4.1337e-7,-0.04,8.2233e-9,0.052231,0.000228587,0.0638881,0.0109481,164.991,0.267903,424.803,0.394246,35.2629,0.118514,300.014,0.205909,57.7194,0.401518,3165780,39.686,3585020,125.411,3584740,229.085,1254.01,0.814264,1249.23,1.11756,1254.82,1.06081,89.8482,0.627812,277.477,1.41413,775.904,10.9787,370.035,1.09446,201.059,0.101639,234.395,1.65296,201.771,1.72262,200.516,0.116051,182.13,0.121608,199.767,0.203844,199.128,1.05865,184.029,0.167494,68.812,0.67936,23.6155,0.297511,37.6827,0.0792503,32.4466,0.337089,64.7525,0.0484202,66.064,0.0510543,50.4596,0.125757,50.2753,0.12219,60.5617,0.623109,37.0892,0.18921,36.5488,0.191635,95.3234,0.0491638,52.2259,0.129614,79.8609,3.23342,111.917,14.8348,9.82885,0.0594664,39.1778,0.0976864,6.99984,0.0201747,2.36913,0.00692697,2.66964,0.0117006,36.015,0.153924,0.687857,0.00686221,21.9375,0.211216,17.0204,0.118774,16.0129,0.0952135,4.64107,0.0645979,0.109286,0.00262265,0.389286,0.0259527,0.159286,0.00377964,0.07,2.68252e-9,0,0,2797.36,73.5588,21.2679,1.52584,6.00357,0.0428792,30.0714,0.377964,0,0,0,0,,,0,0,0,0,0,0,0,0,0,0,16.7284,0.104161,15.0331,0.0889745,4.84623,0.0573363,0.0435441,0.000297882,0.587436,0.0041006,0.357808,0.00274852,0.277611,0.00162099,0.261182,0.0019729,0.0756996,0.00111317,0.00178256,0.000044529,0.00634997,0.000430084,0.00259812,0.0000646408,0.00114175,3.08071e-6,0,0,0.00456272,0.000121902,0.0000346881,2.46797e-6,9.79223e-6,7.45393e-8,0.767573,0.0113804,0.853079,0.0121047,0.644511,0.0100727,0.451355,0.00832302,9876.61,253.253,19448.4,583.064,1.87191,0.00372513,0.00139436,1.64136e-10,0.0169421,0.0000289661,0.0255151,0.0000398199,0,0,0,0,0.00455874,2.55146e-6,0,0,0,0,0,0,0,0,0,0,0,0,0,0,0,0,0,0,0.00139436,2.24041e-11,0.0188107,0.0000469604,0.000359272,3.64412e-6,0.0114586,0.000156674,0.0088901,0.0000938586,0.00836353,0.000034539,0.002424,0.0000291713,0.0000570783,1.27922e-6,0.000203287,0.0000129551,0.0000831917,1.79356e-6,0.0000365617,1.60011e-7,0,0,0.000146102,3.60811e-6,1.11096e-6,8.18522e-8,3.13571e-7,2.34809e-9,0.0242428,0.00024773,0.90475,0.00133114,0.0508147,0.000208041,0.021362,0.0000956581,0.0358374,0.000259077,0.0259764,0.0000984705,07/14/2014 10:12:24 AM,0.2744616554,0.0034615686,0.6359031697,0.0080201456,1.4694254782,0.0185327057,443.38043711,0.0000157592,0.0003712816,7.3844983e-7,0.1193310514,0.0101157645,0.0999298825,0.0014554347,5.2026220529,0.0420462218,0.0729661072,71.301899621,0.0006950036,0.0021856899,0.3179790391,0.1231453267,0.0002784019,-0.439263389,-1.145769813,0.7065064239,0.0006838168,0.0728605154,4.3642161655
